"czo_id","uuid","title","subtitle","dataset_url","CZOS","FIELD_AREAS","DISCIPLINES","location","TOPICS","sub_topic","date_start","date_end","date_range_comments","show_full_dates","north_lat","west_long","east_long","south_lat","description","COMPONENT_FILES-location$topic$url$data_level$private$doi$metadata_url","KEYWORDS","VARIABLES","VARIABLES_ODM2","creator","czo_creator","contact","contact_is_czo_person","citation","citation_for_associated_webpage","date_edit","date_entry","comments","AWARD_GRANT_NUMBERS-grant_number$funding_agency$url_for_grant","dataset_doi","EXTERNAL_LINKS-url$link_text","PUBLICATIONS_OF_THIS_DATA","PUBLICATIONS_USING_THIS_DATA","RELATED_DATASETS","LOCAL_DISCIPLINE","LOCAL_RESEARCH_FOCI","map_freeform","centroid_lat","centroid_lon","map_uploads","map_layer_uploads","point_markers","kml_files"
10000,,"IMLCZO -- Hydropedologic Properties, Stage -- Tiles -- Allerton Trust Farm, Illinois -- (2015-2016)",,http://data.imlczo.org/clowder/datasets/5953c6914f0c5558e1684f60,IML,,,"Allerton Trust Farm, Illinois",Hydropedologic Properties|Stage,Tiles,2015-10-13,2016-03-11,,,40.025055,-88.661587,-88.661587,40.025055,Tiles - Allerton Trust Farm,"AllertonTrustFarm,IllinoisTiles$HydropedologicProperties,Stage$http://data.imlczo.org/clowder/datasets/5953c6914f0c5558e1684f60$$$$",,DepthUP|TemperatureUP|ECUP|DepthDOWN|TemperatureDOWN|ECDOWN,Water depth|Temperature|Electrical Conductivity,"Kumar, Praveen|Keefer, Laura",,,,,,,,,,,,,,,,,,,,,,,
10001,,"IMLCZO -- Meteorology -- Atmospheric -- Allerton Trust Farm, Illinois -- (2016-2019)",,"http://data.imlczo.org/clowder/api/geostreams/sensors/336, http://data.imlczo.org/clowder/api/geostreams/sensors/337,  http://data.imlczo.org/clowder/datasets/57432c4fe4b00fbe06ef8f5b, http://data.imlczo.org/clowder/datasets/5953c7b64f0c5558e1684fad, http://data.imlczo.org/clowder/datasets/5953c8454f0c5558e1684fb7",IML,,,"Allerton Trust Farm, Illinois",Meteorology,Atmospheric,2016-05-03,2019-03-15,,,40.025055,-88.661587,-88.661587,40.025055,Allerton Trust Farm - TR-525I Rain Gauge and 05103-L Anemometer,"AllertonTrustFarm,IllinoisAtmospheric$Meteorology$http://data.imlczo.org/clowder/api/geostreams/sensors/336$$$$|AllertonTrustFarm,IllinoisAtmospheric$Meteorology$http://data.imlczo.org/clowder/api/geostreams/sensors/337$$$$|AllertonTrustFarm,IllinoisAtmospheric$Meteorology$http://data.imlczo.org/clowder/datasets/57432c4fe4b00fbe06ef8f5b$$$$|AllertonTrustFarm,IllinoisAtmospheric$Meteorology$http://data.imlczo.org/clowder/datasets/5953c7b64f0c5558e1684fad$$$$|AllertonTrustFarm,IllinoisAtmospheric$Meteorology$http://data.imlczo.org/clowder/datasets/5953c8454f0c5558e1684fb7$$$$",,Rain_mm_Tot|WindDir|WS_ms,Precipitation|Wind direction|Wind speed,"Kumar, Praveen|Keefer, Laura",,,,,,,,,,,,,,,,,,,,,,,
10002,,"IMLCZO -- Soil Electrical Resistivity, Soil Geochemistry, Soil Moisture, Soil Temperature, Soil Water, Meteorology -- Soil and Atmospheric -- Allerton Trust Farm, Illinois -- (2016-2017)",,"http://data.imlczo.org/clowder/api/geostreams/sensors/347, http://data.imlczo.org/clowder/api/geostreams/sensors/348, http://data.imlczo.org/clowder/api/geostreams/sensors/349, http://data.imlczo.org/clowder/api/geostreams/sensors/350, http://data.imlczo.org/clowder/datasets/57432c79e4b00fbe06ef8f74, http://data.imlczo.org/clowder/datasets/5a8c944b4f0c30f129471056, http://data.imlczo.org/clowder/datasets/5953c38b4f0c5558e1684e74",IML,,,"Allerton Trust Farm, Illinois",Soil Electrical Resistivity|Soil Geochemistry|Soil Moisture|Soil Temperature|Soil Water|Meteorology,Soil and Atmospheric,2016-12-06,2017-07-01,,,40.025055,-88.661587,-88.661587,40.025055,"5TE Soil Probe, Temp-RH-AtmP-VP - Allerton Trust Farm - Site #148 Location: 40deg01'29.96 N, 88deg39'41.95 W Date deployed: 11/3/2015 Sensors: 3x 5TE soil sensors (5 cm, 20 cm, and 60 cm depths) and VP-4 RH/Temp/AtmP Logger: METER Group EM60G, SN: 06-01888 (used 07/24/2018-current) Decagon EM50G, SN: 5G0F5179 (?? - 07/24/2018) Measurement Interval: 15-min (11/3/2015-5/25/2017), 5-min (5/25/2017-current) Data collected: soil sensors - volumetric water content (m^3/m^3), electrical conductivity (mS/cm), temperature (*C); VP-4 - relative humidity (%), temperature (*C), atmospheric pressure (kPa)","AllertonTrustFarm,IllinoisSoilandAtmospheric$SoilElectricalResistivity,SoilGeochemistry,SoilMoisture,SoilTemperature,SoilWater,Meteorology$http://data.imlczo.org/clowder/api/geostreams/sensors/347$$$$|AllertonTrustFarm,IllinoisSoilandAtmospheric$SoilElectricalResistivity,SoilGeochemistry,SoilMoisture,SoilTemperature,SoilWater,Meteorology$http://data.imlczo.org/clowder/api/geostreams/sensors/348$$$$|AllertonTrustFarm,IllinoisSoilandAtmospheric$SoilElectricalResistivity,SoilGeochemistry,SoilMoisture,SoilTemperature,SoilWater,Meteorology$http://data.imlczo.org/clowder/api/geostreams/sensors/349$$$$|AllertonTrustFarm,IllinoisSoilandAtmospheric$SoilElectricalResistivity,SoilGeochemistry,SoilMoisture,SoilTemperature,SoilWater,Meteorology$http://data.imlczo.org/clowder/api/geostreams/sensors/350$$$$|AllertonTrustFarm,IllinoisSoilandAtmospheric$SoilElectricalResistivity,SoilGeochemistry,SoilMoisture,SoilTemperature,SoilWater,Meteorology$http://data.imlczo.org/clowder/datasets/57432c79e4b00fbe06ef8f74$$$$|AllertonTrustFarm,IllinoisSoilandAtmospheric$SoilElectricalResistivity,SoilGeochemistry,SoilMoisture,SoilTemperature,SoilWater,Meteorology$http://data.imlczo.org/clowder/datasets/5a8c944b4f0c30f129471056$$$$|AllertonTrustFarm,IllinoisSoilandAtmospheric$SoilElectricalResistivity,SoilGeochemistry,SoilMoisture,SoilTemperature,SoilWater,Meteorology$http://data.imlczo.org/clowder/datasets/5953c38b4f0c5558e1684e74$$$$",,land_surface~5cm-depth_soil__bulk_volumetric_water_content-m3/m3|land_surface~5cm-depth_soil__electrical_conductivity-mS/cm|land_surface~5cm-depth_soil__temperature-degC|land_surface~20cm-depth_soil__bulk_volumetric_water_content-m3/m3|land_surface~20cm-depth_soil__electrical_conductivity-mS/cm|land_surface~20cm-depth_soil__temperature-degC|land_surface~60cm-depth_soil__bulk_volumetric_water_content-m3/m3|land_surface~60cm-depth_soil__electrical_conductivity-mS/cm|land_surface~60cm-depth_soil__temperature-degC|land_surface~120cm-above_air__barometric_pressure-kPa|land_surface~120cm-above_air__relative_humidity-%|land_surface~120cm-above_air__temperature-degC,Volumetric water content|Electrical conductivity|Temperature|Barometric pressure|Relative humidity ,"Kumar, Praveen|Keefer, Laura",,,,,,,,,,,,,,,,,,,,,,,
10003,,"IMLCZO -- Flux Tower -- Ameriflux -- Bondville, Illinois -- (2007-2013)",,http://data.imlczo.org/clowder/api/geostreams/sensors/78,IML,,,"Bondville, Illinois",Flux Tower,Ameriflux,2007-10-31,2013-10-08,,,40.05279792,-88.37189983,-88.37189983,40.05279792,ADS_Bondville - Ameriflux,"Bondville,IllinoisAmeriflux$FluxTower$http://data.imlczo.org/clowder/api/geostreams/sensors/78$$$$",,AIRVOL|CONC,AIRVOL|CONC,"Kumar, Praveen|Ameriflux Network",,,,,,,,,,,,,,,,,,,,,,,
10004,,"IMLCZO -- Flux Tower -- Ameriflux -- Bondville, Illinois -- (1996-2009)",,"http://data.imlczo.org/clowder/api/geostreams/sensors/79, http://data.imlczo.org/clowder/datasets/58cc3c87e4b0878fc4d033ea",IML,,,"Bondville, Illinois",Flux Tower,Ameriflux,1996-08-26,2009-01-01,,,40.00619898,-88.29039943,-88.29039943,40.00619898,ATS_Bondville - Ameriflux,"Bondville,IllinoisAmeriflux$FluxTower$http://data.imlczo.org/clowder/api/geostreams/sensors/79$$$$|Bondville,IllinoisAmeriflux$FluxTower$http://data.imlczo.org/clowder/datasets/58cc3c87e4b0878fc4d033ea$$$$",,air-temperature-c|atmospheric-stability|barometric-pressure-kpa|co2-flux|friction-velocity|heat-flux|incoming-global-solar-radiation|incoming-longwave-radiation|incoming-par|latent-heat-flux|net-ecosystem-exchange|outgoing-global-solar-radiation|outgoing-longwave-radiation|precipitation-mm|radiation-wm2|reflected-par|relative-humidity-percentage|soil-heat-flux|soil-water-content-1|soil-water-content-2|ts1-depth-cm|ts1-soil-temperature-c|ts2-depth-cm|ts2-soil-temperature-c|vapor-pressure-deficit|wind-direction-degrees|wind-speed-ms,"Atmospheric Stability|Barometric pressure|Carbon dioxide flux|Friction velocity|Global Radiation|Ground heat flux|Latent heat flux|Net heat flux|Precipitation|Radiation, incoming longwave|Radiation, incoming PAR|Radiation, net|Radiation, outgoing longwave|Radiation, outgoing PAR|Relative humidity|Respiration, ecosystem|Temperature|Vapor pressure deficit|Volumetric water content|Water potential|Wind direction|Wind speed","Kumar, Praveen|Ameriflux Network",,,,,,,,,,,,,,,,,,,,,,,
10005,,"IMLCZO -- Flux Tower -- Flux Tower -- Mansfield, Illinois -- (2016-2019)",,"http://data.imlczo.org/clowder/api/geostreams/sensors/308, http://data.imlczo.org/clowder/api/geostreams/sensors/309, http://data.imlczo.org/clowder/api/geostreams/sensors/310, http://data.imlczo.org/clowder/api/geostreams/sensors/311, http://data.imlczo.org/clowder/api/geostreams/sensors/312, http://data.imlczo.org/clowder/api/geostreams/sensors/314, http://data.imlczo.org/clowder/api/geostreams/sensors/316, http://data.imlczo.org/clowder/api/geostreams/sensors/317, http://data.imlczo.org/clowder/api/geostreams/sensors/318, http://data.imlczo.org/clowder/api/geostreams/sensors/319, http://data.imlczo.org/clowder/api/geostreams/sensors/320, http://data.imlczo.org/clowder/api/geostreams/sensors/321, http://data.imlczo.org/clowder/api/geostreams/sensors/322, http://data.imlczo.org/clowder/api/geostreams/sensors/323, http://data.imlczo.org/clowder/api/geostreams/sensors/324, http://data.imlczo.org/clowder/api/geostreams/sensors/325, http://data.imlczo.org/clowder/api/geostreams/sensors/326, http://data.imlczo.org/clowder/api/geostreams/sensors/327, http://data.imlczo.org/clowder/api/geostreams/sensors/328, http://data.imlczo.org/clowder/api/geostreams/sensors/351, http://data.imlczo.org/clowder/datasets/573a361ee4b0e63138ea0c24",IML,,,"Mansfield, Illinois",Flux Tower,Flux Tower,2016-04-22,2019-03-15,,,40.15569444,-88.55511111,-88.55511111,40.15569444,"083E Temp and RH, 5TE Soil Probe, Campbell LI190SB-L (PAR), CMR4 Pyranometer (Kipp&Zonen), CS655-L50 Reflectometer, CSAT3 Sonic Anemometer, DS2 Sonic Anemometer, HFP01SC-L50 (2 heat flux plates), Li7500, SI-121 Infrared Radiometer, SI-1H1 Infrared Radiometer, SRS NDVI (a:fieldstop): Nr, SRS PRI (a:fieldstop): Pr, TE525-L rain gauge, Windsonic4 - Flux Tower","Mansfield,IllinoisFluxTower$FluxTower$http://data.imlczo.org/clowder/api/geostreams/sensors/308$$$$|Mansfield,IllinoisFluxTower$FluxTower$http://data.imlczo.org/clowder/api/geostreams/sensors/309$$$$|Mansfield,IllinoisFluxTower$FluxTower$http://data.imlczo.org/clowder/api/geostreams/sensors/310$$$$|Mansfield,IllinoisFluxTower$FluxTower$http://data.imlczo.org/clowder/api/geostreams/sensors/311$$$$|Mansfield,IllinoisFluxTower$FluxTower$http://data.imlczo.org/clowder/api/geostreams/sensors/312$$$$|Mansfield,IllinoisFluxTower$FluxTower$http://data.imlczo.org/clowder/api/geostreams/sensors/314$$$$|Mansfield,IllinoisFluxTower$FluxTower$http://data.imlczo.org/clowder/api/geostreams/sensors/316$$$$|Mansfield,IllinoisFluxTower$FluxTower$http://data.imlczo.org/clowder/api/geostreams/sensors/317$$$$|Mansfield,IllinoisFluxTower$FluxTower$http://data.imlczo.org/clowder/api/geostreams/sensors/318$$$$|Mansfield,IllinoisFluxTower$FluxTower$http://data.imlczo.org/clowder/api/geostreams/sensors/319$$$$|Mansfield,IllinoisFluxTower$FluxTower$http://data.imlczo.org/clowder/api/geostreams/sensors/320$$$$|Mansfield,IllinoisFluxTower$FluxTower$http://data.imlczo.org/clowder/api/geostreams/sensors/321$$$$|Mansfield,IllinoisFluxTower$FluxTower$http://data.imlczo.org/clowder/api/geostreams/sensors/322$$$$|Mansfield,IllinoisFluxTower$FluxTower$http://data.imlczo.org/clowder/api/geostreams/sensors/323$$$$|Mansfield,IllinoisFluxTower$FluxTower$http://data.imlczo.org/clowder/api/geostreams/sensors/324$$$$|Mansfield,IllinoisFluxTower$FluxTower$http://data.imlczo.org/clowder/api/geostreams/sensors/325$$$$|Mansfield,IllinoisFluxTower$FluxTower$http://data.imlczo.org/clowder/api/geostreams/sensors/326$$$$|Mansfield,IllinoisFluxTower$FluxTower$http://data.imlczo.org/clowder/api/geostreams/sensors/327$$$$|Mansfield,IllinoisFluxTower$FluxTower$http://data.imlczo.org/clowder/api/geostreams/sensors/328$$$$|Mansfield,IllinoisFluxTower$FluxTower$http://data.imlczo.org/clowder/api/geostreams/sensors/351$$$$|Mansfield,IllinoisFluxTower$FluxTower$http://data.imlczo.org/clowder/datasets/573a361ee4b0e63138ea0c24$$$$",,albedo_Avg|amb_press_li_mean|CO2_li_mean|CS655_Ec_Avg|CS655_Tmpr_Avg|CS655_Wcr_Avg|D5TE_EC_100cm_Avg|D5TE_EC_15cm_Avg|D5TE_EC_200cm_Avg|D5TE_EC_30cm_Avg|D5TE_EC_50cm_Avg|D5TE_EC_5cm_Avg|D5TE_T_100cm_Avg|D5TE_T_15cm_Avg|D5TE_T_200cm_Avg|D5TE_T_30cm_Avg|D5TE_T_50cm_Avg|D5TE_T_5cm_Avg|D5TE_VWC_100cm_Avg|D5TE_VWC_15cm_Avg|D5TE_VWC_200cm_Avg|D5TE_VWC_30cm_Avg|D5TE_VWC_50cm_Avg|D5TE_VWC_5cm_Avg|DS2_Temp_Avg|DS2_WindDir_Avg|DS2_WindSpeed_Avg|DS2_WindSpeed_Max|e_sat_tmpr_rh_mean|e_tmpr_rh_mean|Fc_li_wpl|H2O_li_mean|H2O_tmpr_rh_mean|Hc_li|LE_li_wpl|long_dn_corr_Avg|long_up_corr_Avg|mean_wind_direction|mean_wind_speed|NDVI_Avg|Precip_Tot|PRI_Avg|RH_tmpr_rh_mean|rho_a_li_mean|Rl_net_Avg|Rn_Avg|Rs_net_Avg|rslt_wnd_spd|shf_Avg(1)|shf_Avg(2)|short_dn_Avg|short_up_Avg|SQ_110_Avg|std_wind_dir|T_tmpr_rh_mean|Targ121TempC_Avg|Targ1H1TempC_Avg|u_star|wnd_dir_compass|,"Albedo|Barometric pressure|Carbon dioxide|Carbon dioxide flux|Carbon dioxide storage flux|Density|Electrical conductivity|Friction velocity|Latent heat flux|NDVI|Precipitation|Radiation, incoming longwave|Radiation, incoming shortwave|Radiation, net|Radiation, net longwave|Radiation, net PAR|Radiation, net shortwave|Radiation, outgoing longwave|Radiation, outgoing shortwave|Relative humidity|Sensible heat flux|shf_Avg(1)|shf_Avg(2)|Temperature|Temperature, sensor|Vapor pressure|Volumetric water content|Water Content|Water vapor concentration|Wind direction|Wind gust speed|Wind speed ","Kumar, Praveen|Keefer, Laura|Intensively Managed Landscapes Critical Zone Observatory",,,,,,,,,,,,,,,,,,,,,,,
10006,,"IMLCZO -- Soil Electrical Resistivity, Soil Geochemistry, Soil Moisture, Soil Temperature, Soil Water -- Soil -- Fowler Farm, Illinois -- (2017-2018)",,"http://data.imlczo.org/clowder/api/geostreams/sensors/354, http://data.imlczo.org/clowder/api/geostreams/sensors/355, http://data.imlczo.org/clowder/api/geostreams/sensors/356, http://data.imlczo.org/clowder/api/geostreams/sensors/357, http://data.imlczo.org/clowder/api/geostreams/sensors/358, http://data.imlczo.org/clowder/datasets/5a32e2664f0c6b32ffa39db5",IML,,,"Fowler Farm, Illinois",Soil Electrical Resistivity|Soil Geochemistry|Soil Moisture|Soil Temperature|Soil Water,Soil,2017-04-13,2018-04-27,,,40.150722,-88.331139,-88.331139,40.150722,"5TE Soil Probe - Site #151 Location: 40deg09'02.6 N -88deg19'52.1 W Site/Logger Name: CZO_FF2 Date deployed: 04/13/2017 Sensors: 5x 5TE Soil Probes (5cm, 10cm, 20cm, 50cm, and 1m depths) Logger: METER Group EM60G, SN: 06-01896 (06/28/2018-current) Decagon EM50G, SN: 5G106589 (used 04/13/2017-06/28/2018) Measurement Interval: 5-min Data collected: volumetric water content (m^3/m^3), electrical conductivity (mS/cm), temperature (*C)","FowlerFarm,IllinoisSoil$SoilElectricalResistivity,SoilGeochemistry,SoilMoisture,SoilTemperature,SoilWater$http://data.imlczo.org/clowder/api/geostreams/sensors/354$$$$|FowlerFarm,IllinoisSoil$SoilElectricalResistivity,SoilGeochemistry,SoilMoisture,SoilTemperature,SoilWater$http://data.imlczo.org/clowder/api/geostreams/sensors/355$$$$|FowlerFarm,IllinoisSoil$SoilElectricalResistivity,SoilGeochemistry,SoilMoisture,SoilTemperature,SoilWater$http://data.imlczo.org/clowder/api/geostreams/sensors/356$$$$|FowlerFarm,IllinoisSoil$SoilElectricalResistivity,SoilGeochemistry,SoilMoisture,SoilTemperature,SoilWater$http://data.imlczo.org/clowder/api/geostreams/sensors/357$$$$|FowlerFarm,IllinoisSoil$SoilElectricalResistivity,SoilGeochemistry,SoilMoisture,SoilTemperature,SoilWater$http://data.imlczo.org/clowder/api/geostreams/sensors/358$$$$|FowlerFarm,IllinoisSoil$SoilElectricalResistivity,SoilGeochemistry,SoilMoisture,SoilTemperature,SoilWater$http://data.imlczo.org/clowder/datasets/5a32e2664f0c6b32ffa39db5$$$$",,land_surface~0.05m-depth_soil__bulk_volumetric_water_content-m3/m3|land_surface~0.05m-depth_soil__electrical_conductivity-mS/cm|land_surface~0.05m-depth_soil__temperature-degC|land_surface~0.1m-depth_soil__bulk_volumetric_water_content-m3/m3|land_surface~0.1m-depth_soil__electrical_conductivity-mS/cm|land_surface~0.1m-depth_soil__temperature-degC|land_surface~0.2m-depth_soil__bulk_volumetric_water_content-m3/m3|land_surface~0.2m-depth_soil__electrical_conductivity-mS/cm|land_surface~0.2m-depth_soil__temperature-degC|land_surface~0.5m-depth_soil__bulk_volumetric_water_content-m3/m3|land_surface~0.5m-depth_soil__electrical_conductivity-mS/cm|land_surface~0.5m-depth_soil__temperature-degC|land_surface~1m-depth_soil__bulk_volumetric_water_content-m3/m3|land_surface~1m-depth_soil__electrical_conductivity-mS/cm|land_surface~1m-depth_soil__temperature-degC,Volumetric water content|Electrical conductivity|Temperature,"Kumar, Praveen|Keefer, Laura",,,,,,,,,,,,,,,,,,,,,,,
10007,,"IMLCZO -- Meteorology -- Atmospheric -- Fowler Farm, Illinois -- (2017-2017)",,"http://data.imlczo.org/clowder/api/geostreams/sensors/354, http://data.imlczo.org/clowder/api/geostreams/sensors/355, http://data.imlczo.org/clowder/api/geostreams/sensors/356, http://data.imlczo.org/clowder/api/geostreams/sensors/357, http://data.imlczo.org/clowder/api/geostreams/sensors/358, http://data.imlczo.org/clowder/datasets/5a32e2664f0c6b32ffa39db5",IML,,,"Fowler Farm, Illinois",Meteorology,Atmospheric,2017-03-29,2017-10-14,,,40.150722,-88.331139,-88.331139,40.150722,"5TE Soil Probe, DS-2 Anenometer, ECRN-100 Rain Gauge , LWS Leaf Wetness Sensor, PYR Pyranometer, Temp-RH-AtmP-VP - Site #151 Location: 40deg09'02.6 N -88deg19'52.1 W Site/Logger Name: CZO_FF1 Date deployed: 03/29/2017 Sensors: PYR pyranometer, ECRN-100 rain gauge, VP-4 RH/Temp/AtmP, LWS leaf wetness, and Davis Cup anemometer. DS-2 sonic anemometer used from 03/29/2017-01/31/2018. Logger(s): METER Group EM60G, SN: 06-01890 (06/28/2018-current) Decagon EM50G, SN: 5G106751 (used 11/14/2017-06/28/2018) Decagon EM50G; SN: 5G106590 (used 03/29/2017-10/14/2017) Data collection frequency: 1-min Data collected: solar radiation (W/m^2), precipitation (mm), relative humidity (%), temperature (*C), atmospheric pressure (kPa), LWS minutes wet (min) and count, wind speed (m/s), wind direction (degree), and maximum wind speed (m/s)","FowlerFarm,IllinoisAtmospheric$Meteorology$http://data.imlczo.org/clowder/api/geostreams/sensors/354$$$$|FowlerFarm,IllinoisAtmospheric$Meteorology$http://data.imlczo.org/clowder/api/geostreams/sensors/355$$$$|FowlerFarm,IllinoisAtmospheric$Meteorology$http://data.imlczo.org/clowder/api/geostreams/sensors/356$$$$|FowlerFarm,IllinoisAtmospheric$Meteorology$http://data.imlczo.org/clowder/api/geostreams/sensors/357$$$$|FowlerFarm,IllinoisAtmospheric$Meteorology$http://data.imlczo.org/clowder/api/geostreams/sensors/358$$$$|FowlerFarm,IllinoisAtmospheric$Meteorology$http://data.imlczo.org/clowder/datasets/5a32e2664f0c6b32ffa39db5$$$$",,land_surface~3m-above_wind__direction_from_N-degree|land_surface~3m-above_wind__max_speed-m/s|land_surface~3m-above_wind__speed-m/s|atmosphere_water__precipitation_leq-volume_flux_total-mm|land_surface~1.5m-above_leaf_wetness-counts|land_surface~1.5m-above_leaf_wetness-min|land_surface~1.5m__radiation~incoming~shortwave__energy_flux-W/m2|land_surface~1.5m-above_air__barometric_pressure-kPa|land_surface~1.5m-above_air__relative_humidity-%|land_surface~1.5m-above_air__temperature-degC ,"Wind direction|Wind gust speed|Wind speed|Precipitation|Leaf wetness|Radiation, incoming shortwave|Barometric pressure|Relative humidity|Temperature","Kumar, Praveen|Keefer, Laura",,,,,,,,,,,,,,,,,,,,,,,
10008,,"IMLCZO -- Meteorology, Soil Electrical Resistivity, Soil Geochemistry, Soil Moisture, Soil Temperature, Soil Water -- GREON -- Decatur, Illinois -- (2015-2017)",,http://data.imlczo.org/clowder/api/geostreams/sensors/353,IML,,,"Decatur, Illinois",Meteorology|Soil Electrical Resistivity|Soil Geochemistry|Soil Moisture|Soil Temperature|Soil Water,GREON,2015-04-23,2017-06-30,,,39.88906111,-88.85931111,-88.85931111,39.88906111,GREON-07 - GREON Data,"Decatur,IllinoisGREON$Meteorology,SoilElectricalResistivity,SoilGeochemistry,SoilMoisture,SoilTemperature,SoilWater$http://data.imlczo.org/clowder/api/geostreams/sensors/353$$$$",,air-temperature-24hr-avg-f|ammonia-mgl|ammonium-mgl|barometric-pressure-24hr-avg-hg|blue-green-algae-pct-rfu|blue-green-algae-pct-ugl|chlorophyll-mgl|chlorophyll-rfu|compass-heading-24hr-avg|conductivity-uscm|dissolved-oxygen-mgl|dissolved-oxygen-saturation-pct|flourescent-dissolved-organic-matter-qsu|flourescent-dissolved-organic-matter-rfu|hail-hits-total-24hr|nitrate-mgl|par-avg-mv|par-density-avg|rain-accumulation-24hr-total-inch|relative-humidity-24hr-avg|salinity-psu|specific-conductivity-uscm|suspended-solids-mgl|turbidity-fnu|water-temperature-c|wind-direction|wind-speed-24hr-max-mph|wind-speed-mph,"Temperature|Water Chemistry Nitrogen, NH4|Nitrogen, NH4|Barometric pressure|Blue-green algae (cyanobacteria), phycocyanin|Blue-green algae (cyanobacteria), phycocyanin|Chlorophyll (a+b+c)|Chlorophyll (a+b+c)|Wind direction|Electrical conductivity|Oxygen, dissolved|Oxygen, dissolved percent of saturation|Water Chemistry Colored dissolved organic matter|Water Chemistry Colored dissolved organic matter|Hail|Water Chemistry Nitrogen, nitrate (NO3)|Radiation, incoming PAR|Radiation, incoming PAR|Precipitation|Relative humidity|Water Chemistry Salinity|specific-Electrical conductivity|Sediment, suspended|Turbidity|Temperature|Wind direction|Wind gust speed|Wind speed","Kumar, Praveen",,,,,,,,,,,,,,,,,,,,,,,
10009,,"IMLCZO -- Soil Electrical Resistivity, Soil Geochemistry, Soil Moisture, Soil Temperature, Soil Water -- Illinois State Water Survey -- 14 Illinois State Water Survey Sites (ISWS), Illinois -- (1993-2018)",,"http://data.imlczo.org/clowder/api/geostreams/sensors/66, http://data.imlczo.org/clowder/api/geostreams/sensors/67, http://data.imlczo.org/clowder/api/geostreams/sensors/68, http://data.imlczo.org/clowder/api/geostreams/sensors/69, http://data.imlczo.org/clowder/api/geostreams/sensors/70, http://data.imlczo.org/clowder/api/geostreams/sensors/71, http://data.imlczo.org/clowder/api/geostreams/sensors/72, http://data.imlczo.org/clowder/api/geostreams/sensors/73, http://data.imlczo.org/clowder/api/geostreams/sensors/74, http://data.imlczo.org/clowder/api/geostreams/sensors/75, http://data.imlczo.org/clowder/api/geostreams/sensors/76, http://data.imlczo.org/clowder/api/geostreams/sensors/77, http://data.imlczo.org/clowder/api/geostreams/sensors/159, http://data.imlczo.org/clowder/api/geostreams/sensors/374, http://data.imlczo.org/clowder/datasets/5bb67e624f0cd7755b436bb2, http://data.imlczo.org/clowder/datasets/5b4f4b2b4f0c2e0f71aa6cb2, http://data.imlczo.org/clowder/datasets/55e61687e4b07aec0f3d77bb",IML,,,"14 Illinois State Water Survey Sites (ISWS), Illinois",Soil Electrical Resistivity|Soil Geochemistry|Soil Moisture|Soil Temperature|Soil Water,Illinois State Water Survey,1993-04-16,2018-10-28,,,40.43720833,-88.89237716,-88.20561929,39.8017836,"Illinois State Water Survey Data: [CRLF] * ISWS101 at 39.8017836, 88.86746401. [CRLF] * ISWS102 at 39.99000227, 88.80999785. [CRLF] * ISWS103 at 40.0972048, 88.63766994. [CRLF] * ISWS104 at 40.05937187, 88.51488962. [CRLF] * ISWS106 at 40.23402409, 88.36266534. [CRLF] * ISWS111 at 40.02999988, 88.58999994. [CRLF] * ISWS112 at 40.27946234, 88.35063788. [CRLF] * ISWS134 at 40.43720833, 88.54501389. [CRLF] * ISWS211 at 39.99257008, 88.89237716. [CRLF] * ISWS212 at 39.97772532, 88.87182196. [CRLF] * ISWS222 at 40.29618757, 88.28979191. [CRLF] * ISWS223 at 40.32860738, 88.20561929. [CRLF] * ISWS152 at 40.105398, 88.657824. [CRLF] * ISWS105 at 40.171129, 88.446115.","14IllinoisStateWaterSurveySites(ISWS),IllinoisIllinoisStateWaterSurvey$SoilElectricalResistivity,SoilGeochemistry,SoilMoisture,SoilTemperature,SoilWater$http://data.imlczo.org/clowder/api/geostreams/sensors/66$$$$|14IllinoisStateWaterSurveySites(ISWS),IllinoisIllinoisStateWaterSurvey$SoilElectricalResistivity,SoilGeochemistry,SoilMoisture,SoilTemperature,SoilWater$http://data.imlczo.org/clowder/api/geostreams/sensors/67$$$$|14IllinoisStateWaterSurveySites(ISWS),IllinoisIllinoisStateWaterSurvey$SoilElectricalResistivity,SoilGeochemistry,SoilMoisture,SoilTemperature,SoilWater$http://data.imlczo.org/clowder/api/geostreams/sensors/68$$$$|14IllinoisStateWaterSurveySites(ISWS),IllinoisIllinoisStateWaterSurvey$SoilElectricalResistivity,SoilGeochemistry,SoilMoisture,SoilTemperature,SoilWater$http://data.imlczo.org/clowder/api/geostreams/sensors/69$$$$|14IllinoisStateWaterSurveySites(ISWS),IllinoisIllinoisStateWaterSurvey$SoilElectricalResistivity,SoilGeochemistry,SoilMoisture,SoilTemperature,SoilWater$http://data.imlczo.org/clowder/api/geostreams/sensors/70$$$$|14IllinoisStateWaterSurveySites(ISWS),IllinoisIllinoisStateWaterSurvey$SoilElectricalResistivity,SoilGeochemistry,SoilMoisture,SoilTemperature,SoilWater$http://data.imlczo.org/clowder/api/geostreams/sensors/71$$$$|14IllinoisStateWaterSurveySites(ISWS),IllinoisIllinoisStateWaterSurvey$SoilElectricalResistivity,SoilGeochemistry,SoilMoisture,SoilTemperature,SoilWater$http://data.imlczo.org/clowder/api/geostreams/sensors/72$$$$|14IllinoisStateWaterSurveySites(ISWS),IllinoisIllinoisStateWaterSurvey$SoilElectricalResistivity,SoilGeochemistry,SoilMoisture,SoilTemperature,SoilWater$http://data.imlczo.org/clowder/api/geostreams/sensors/73$$$$|14IllinoisStateWaterSurveySites(ISWS),IllinoisIllinoisStateWaterSurvey$SoilElectricalResistivity,SoilGeochemistry,SoilMoisture,SoilTemperature,SoilWater$http://data.imlczo.org/clowder/api/geostreams/sensors/74$$$$|14IllinoisStateWaterSurveySites(ISWS),IllinoisIllinoisStateWaterSurvey$SoilElectricalResistivity,SoilGeochemistry,SoilMoisture,SoilTemperature,SoilWater$http://data.imlczo.org/clowder/api/geostreams/sensors/75$$$$|14IllinoisStateWaterSurveySites(ISWS),IllinoisIllinoisStateWaterSurvey$SoilElectricalResistivity,SoilGeochemistry,SoilMoisture,SoilTemperature,SoilWater$http://data.imlczo.org/clowder/api/geostreams/sensors/76$$$$|14IllinoisStateWaterSurveySites(ISWS),IllinoisIllinoisStateWaterSurvey$SoilElectricalResistivity,SoilGeochemistry,SoilMoisture,SoilTemperature,SoilWater$http://data.imlczo.org/clowder/api/geostreams/sensors/77$$$$|14IllinoisStateWaterSurveySites(ISWS),IllinoisIllinoisStateWaterSurvey$SoilElectricalResistivity,SoilGeochemistry,SoilMoisture,SoilTemperature,SoilWater$http://data.imlczo.org/clowder/api/geostreams/sensors/159$$$$|14IllinoisStateWaterSurveySites(ISWS),IllinoisIllinoisStateWaterSurvey$SoilElectricalResistivity,SoilGeochemistry,SoilMoisture,SoilTemperature,SoilWater$http://data.imlczo.org/clowder/api/geostreams/sensors/374$$$$|14IllinoisStateWaterSurveySites(ISWS),IllinoisIllinoisStateWaterSurvey$SoilElectricalResistivity,SoilGeochemistry,SoilMoisture,SoilTemperature,SoilWater$http://data.imlczo.org/clowder/datasets/5bb67e624f0cd7755b436bb2$$$$|14IllinoisStateWaterSurveySites(ISWS),IllinoisIllinoisStateWaterSurvey$SoilElectricalResistivity,SoilGeochemistry,SoilMoisture,SoilTemperature,SoilWater$http://data.imlczo.org/clowder/datasets/5b4f4b2b4f0c2e0f71aa6cb2$$$$|14IllinoisStateWaterSurveySites(ISWS),IllinoisIllinoisStateWaterSurvey$SoilElectricalResistivity,SoilGeochemistry,SoilMoisture,SoilTemperature,SoilWater$http://data.imlczo.org/clowder/datasets/55e61687e4b07aec0f3d77bb$$$$",,Ammonium mg/L|Nitrate-N mg/L|pH|Total Kjeldahl nitrogen mg/L|Water temp F|discharge-cms|river-stage-m,"Ammonium mg/L|Nitrogen, nitrate (NO3)|pH|Total Kjeldahl nitrogen mg/L|Temperature|Discharge|Water depth","Kumar, Praveen|Keefer, Laura",,,,,,,,,,,,,,,,,,,,,,,
10010,,"IMLCZO -- Meteorology, Soil Electrical Resistivity, Soil Geochemistry, Soil Moisture, Soil Temperature, Soil Water -- Soil Science and Meteorology -- Big Ditch, Camp Creek, Goose Creek Bucks Pond, Goose Creek CR600, Goose Creek CR1800, Saybrook, and Wildcat, Illinois -- (2014-2015)",,"http://data.imlczo.org/clowder/api/geostreams/sensors/152, http://data.imlczo.org/clowder/api/geostreams/sensors/153, http://data.imlczo.org/clowder/api/geostreams/sensors/154, http://data.imlczo.org/clowder/api/geostreams/sensors/155, http://data.imlczo.org/clowder/api/geostreams/sensors/156, http://data.imlczo.org/clowder/api/geostreams/sensors/157, http://data.imlczo.org/clowder/datasets/55a85395e4b09263539916a9, http://data.imlczo.org/clowder/datasets/55a82062e4b09263539915a6, http://data.imlczo.org/clowder/datasets/55a846d3e4b0926353991637, http://data.imlczo.org/clowder/datasets/55a841cee4b0926353991627, http://data.imlczo.org/clowder/datasets/5502629fe4b054bf4d967829, http://data.imlczo.org/clowder/datasets/55025cb3e4b054bf4d96781b, http://data.imlczo.org/clowder/datasets/55a82923e4b09263539915e7, http://data.imlczo.org/clowder/datasets/55026b57e4b054bf4d967836, http://data.imlczo.org/clowder/datasets/5502549fe4b054bf4d967814, http://data.imlczo.org/clowder/datasets/55a864f1e4b09263539916e3, http://data.imlczo.org/clowder/datasets/55a862f0e4b09263539916dd, http://data.imlczo.org/clowder/datasets/55027effe4b054bf4d96785e, http://data.imlczo.org/clowder/datasets/55a87bb2e4b092635399176d",IML,,,"Big Ditch, Camp Creek, Goose Creek Bucks Pond, Goose Creek CR600, Goose Creek CR1800, Saybrook, and Wildcat, Illinois",Meteorology|Soil Electrical Resistivity|Soil Geochemistry|Soil Moisture|Soil Temperature|Soil Water,Soil Science and Meteorology,2014-04-24,2015-07-06,,,40.437244,-88.630994,-88.327686,40.054353,"IMLCZO Data: [CRLF] * Big Ditch at 40.267336, -88.327686. [CRLF] * Camp Creek at 40.054314, -88.531269. [CRLF] * Goose Creek Bucks Pond at 40.054353, -88.582931. [CRLF] * Goose Creek CR600 at 40.094414, -88.630994. [CRLF] * Goose Creek CR1800 at 40.094414, -88.630994. [CRLF] * Saybrook at 40.437244, -88.554875. [CRLF] * Wildcat at 40.280319, -88.346747.","BigDitch,CampCreek,GooseCreekBucksPond,GooseCreekCR600,GooseCreekCR1800,Saybrook,andWildcat,IllinoisSoilScienceandMeteorology$Meteorology,SoilElectricalResistivity,SoilGeochemistry,SoilMoisture,SoilTemperature,SoilWater$http://data.imlczo.org/clowder/api/geostreams/sensors/152$$$$|BigDitch,CampCreek,GooseCreekBucksPond,GooseCreekCR600,GooseCreekCR1800,Saybrook,andWildcat,IllinoisSoilScienceandMeteorology$Meteorology,SoilElectricalResistivity,SoilGeochemistry,SoilMoisture,SoilTemperature,SoilWater$http://data.imlczo.org/clowder/api/geostreams/sensors/153$$$$|BigDitch,CampCreek,GooseCreekBucksPond,GooseCreekCR600,GooseCreekCR1800,Saybrook,andWildcat,IllinoisSoilScienceandMeteorology$Meteorology,SoilElectricalResistivity,SoilGeochemistry,SoilMoisture,SoilTemperature,SoilWater$http://data.imlczo.org/clowder/api/geostreams/sensors/154$$$$|BigDitch,CampCreek,GooseCreekBucksPond,GooseCreekCR600,GooseCreekCR1800,Saybrook,andWildcat,IllinoisSoilScienceandMeteorology$Meteorology,SoilElectricalResistivity,SoilGeochemistry,SoilMoisture,SoilTemperature,SoilWater$http://data.imlczo.org/clowder/api/geostreams/sensors/155$$$$|BigDitch,CampCreek,GooseCreekBucksPond,GooseCreekCR600,GooseCreekCR1800,Saybrook,andWildcat,IllinoisSoilScienceandMeteorology$Meteorology,SoilElectricalResistivity,SoilGeochemistry,SoilMoisture,SoilTemperature,SoilWater$http://data.imlczo.org/clowder/api/geostreams/sensors/156$$$$|BigDitch,CampCreek,GooseCreekBucksPond,GooseCreekCR600,GooseCreekCR1800,Saybrook,andWildcat,IllinoisSoilScienceandMeteorology$Meteorology,SoilElectricalResistivity,SoilGeochemistry,SoilMoisture,SoilTemperature,SoilWater$http://data.imlczo.org/clowder/api/geostreams/sensors/157$$$$|BigDitch,CampCreek,GooseCreekBucksPond,GooseCreekCR600,GooseCreekCR1800,Saybrook,andWildcat,IllinoisSoilScienceandMeteorology$Meteorology,SoilElectricalResistivity,SoilGeochemistry,SoilMoisture,SoilTemperature,SoilWater$http://data.imlczo.org/clowder/datasets/55a85395e4b09263539916a9$$$$|BigDitch,CampCreek,GooseCreekBucksPond,GooseCreekCR600,GooseCreekCR1800,Saybrook,andWildcat,IllinoisSoilScienceandMeteorology$Meteorology,SoilElectricalResistivity,SoilGeochemistry,SoilMoisture,SoilTemperature,SoilWater$http://data.imlczo.org/clowder/datasets/55a82062e4b09263539915a6$$$$|BigDitch,CampCreek,GooseCreekBucksPond,GooseCreekCR600,GooseCreekCR1800,Saybrook,andWildcat,IllinoisSoilScienceandMeteorology$Meteorology,SoilElectricalResistivity,SoilGeochemistry,SoilMoisture,SoilTemperature,SoilWater$http://data.imlczo.org/clowder/datasets/55a846d3e4b0926353991637$$$$|BigDitch,CampCreek,GooseCreekBucksPond,GooseCreekCR600,GooseCreekCR1800,Saybrook,andWildcat,IllinoisSoilScienceandMeteorology$Meteorology,SoilElectricalResistivity,SoilGeochemistry,SoilMoisture,SoilTemperature,SoilWater$http://data.imlczo.org/clowder/datasets/55a841cee4b0926353991627$$$$|BigDitch,CampCreek,GooseCreekBucksPond,GooseCreekCR600,GooseCreekCR1800,Saybrook,andWildcat,IllinoisSoilScienceandMeteorology$Meteorology,SoilElectricalResistivity,SoilGeochemistry,SoilMoisture,SoilTemperature,SoilWater$http://data.imlczo.org/clowder/datasets/5502629fe4b054bf4d967829$$$$|BigDitch,CampCreek,GooseCreekBucksPond,GooseCreekCR600,GooseCreekCR1800,Saybrook,andWildcat,IllinoisSoilScienceandMeteorology$Meteorology,SoilElectricalResistivity,SoilGeochemistry,SoilMoisture,SoilTemperature,SoilWater$http://data.imlczo.org/clowder/datasets/55025cb3e4b054bf4d96781b$$$$|BigDitch,CampCreek,GooseCreekBucksPond,GooseCreekCR600,GooseCreekCR1800,Saybrook,andWildcat,IllinoisSoilScienceandMeteorology$Meteorology,SoilElectricalResistivity,SoilGeochemistry,SoilMoisture,SoilTemperature,SoilWater$http://data.imlczo.org/clowder/datasets/55a82923e4b09263539915e7$$$$|BigDitch,CampCreek,GooseCreekBucksPond,GooseCreekCR600,GooseCreekCR1800,Saybrook,andWildcat,IllinoisSoilScienceandMeteorology$Meteorology,SoilElectricalResistivity,SoilGeochemistry,SoilMoisture,SoilTemperature,SoilWater$http://data.imlczo.org/clowder/datasets/55026b57e4b054bf4d967836$$$$|BigDitch,CampCreek,GooseCreekBucksPond,GooseCreekCR600,GooseCreekCR1800,Saybrook,andWildcat,IllinoisSoilScienceandMeteorology$Meteorology,SoilElectricalResistivity,SoilGeochemistry,SoilMoisture,SoilTemperature,SoilWater$http://data.imlczo.org/clowder/datasets/5502549fe4b054bf4d967814$$$$|BigDitch,CampCreek,GooseCreekBucksPond,GooseCreekCR600,GooseCreekCR1800,Saybrook,andWildcat,IllinoisSoilScienceandMeteorology$Meteorology,SoilElectricalResistivity,SoilGeochemistry,SoilMoisture,SoilTemperature,SoilWater$http://data.imlczo.org/clowder/datasets/55a864f1e4b09263539916e3$$$$|BigDitch,CampCreek,GooseCreekBucksPond,GooseCreekCR600,GooseCreekCR1800,Saybrook,andWildcat,IllinoisSoilScienceandMeteorology$Meteorology,SoilElectricalResistivity,SoilGeochemistry,SoilMoisture,SoilTemperature,SoilWater$http://data.imlczo.org/clowder/datasets/55a862f0e4b09263539916dd$$$$|BigDitch,CampCreek,GooseCreekBucksPond,GooseCreekCR600,GooseCreekCR1800,Saybrook,andWildcat,IllinoisSoilScienceandMeteorology$Meteorology,SoilElectricalResistivity,SoilGeochemistry,SoilMoisture,SoilTemperature,SoilWater$http://data.imlczo.org/clowder/datasets/55027effe4b054bf4d96785e$$$$|BigDitch,CampCreek,GooseCreekBucksPond,GooseCreekCR600,GooseCreekCR1800,Saybrook,andWildcat,IllinoisSoilScienceandMeteorology$Meteorology,SoilElectricalResistivity,SoilGeochemistry,SoilMoisture,SoilTemperature,SoilWater$http://data.imlczo.org/clowder/datasets/55a87bb2e4b092635399176d$$$$",,air-pressure-kpa|air-temperature-c|bridge-height|gravitational-acceleration|sensor-elevation|vertical-distance-from-hobo-sensor-to-bridge|vertical-distance-from-water-surface-to-hobo-sensor|water-density|water-elevation|water-pressure-kpa|water-temperature-c,"Barometric pressure|Temperature|Gravitational Acceleration|Altitude|Distance|Density|Water column equivalent height, barometric","Kumar, Praveen|Keefer, Laura",,,,,,,,,,,,,,,,,,,,,,,
10011,,"IMLCZO -- Meteorology -- Precipitation Station -- Clinton, Decatur, Gibson, Monticello, Rantoul, and Urbana, Illinois -- (1992-2008)",,"http://data.imlczo.org/clowder/api/geostreams/sensors/60, http://data.imlczo.org/clowder/api/geostreams/sensors/61, http://data.imlczo.org/clowder/api/geostreams/sensors/62, http://data.imlczo.org/clowder/api/geostreams/sensors/63, http://data.imlczo.org/clowder/api/geostreams/sensors/64, http://data.imlczo.org/clowder/api/geostreams/sensors/65",IML,,,"Clinton, Decatur, Gibson, Monticello, Rantoul, and Urbana, Illinois",Meteorology,Precipitation Station,1992-10-01,2008-10-01,,,40.30999977,-88.97000025,-88.16000116,39.82999843,"Precipitation Station Data: [CRLF] * Clinton, Illinois at 40.14000019, -88.97000025. [CRLF] * Decatur, Illinois at 39.82999843, -88.95000032. [CRLF] * Gibson, Illinois at 40.46999945,-88.37000175. [CRLF] * Monticello, Illinois at 40.03000026,-88.56999992. [CRLF] * Rantoul, Illinois at 40.30999977, -88.16000116. [CRLF] * Urbana, Illinois at 40.08000057, -88.24000172.","Clinton,Decatur,Gibson,Monticello,Rantoul,andUrbana,IllinoisPrecipitationStation$Meteorology$http://data.imlczo.org/clowder/api/geostreams/sensors/60$$$$|Clinton,Decatur,Gibson,Monticello,Rantoul,andUrbana,IllinoisPrecipitationStation$Meteorology$http://data.imlczo.org/clowder/api/geostreams/sensors/61$$$$|Clinton,Decatur,Gibson,Monticello,Rantoul,andUrbana,IllinoisPrecipitationStation$Meteorology$http://data.imlczo.org/clowder/api/geostreams/sensors/62$$$$|Clinton,Decatur,Gibson,Monticello,Rantoul,andUrbana,IllinoisPrecipitationStation$Meteorology$http://data.imlczo.org/clowder/api/geostreams/sensors/63$$$$|Clinton,Decatur,Gibson,Monticello,Rantoul,andUrbana,IllinoisPrecipitationStation$Meteorology$http://data.imlczo.org/clowder/api/geostreams/sensors/64$$$$|Clinton,Decatur,Gibson,Monticello,Rantoul,andUrbana,IllinoisPrecipitationStation$Meteorology$http://data.imlczo.org/clowder/api/geostreams/sensors/65$$$$",,Monthly Precipitation in inches,Precipitation,"Kumar, Praveen|Keefer, Laura",,,,,,,,,,,,,,,,,,,,,,,
10012,,"IMLCZO -- Soil Electrical Resistivity, Soil Geochemistry, Soil Moisture, Soil Temperature, Soil Water -- Soil -- River Bend, Illinois -- (2016-2018)",,"http://data.imlczo.org/clowder/api/geostreams/sensors/368, http://data.imlczo.org/clowder/api/geostreams/sensors/365, http://data.imlczo.org/clowder/api/geostreams/sensors/366, http://data.imlczo.org/clowder/api/geostreams/sensors/367, http://data.imlczo.org/clowder/api/geostreams/sensors/364, http://data.imlczo.org/clowder/datasets/5a32e60b4f0c6b32ffa39e93",IML,,,"River Bend, Illinois",Soil Electrical Resistivity|Soil Geochemistry|Soil Moisture|Soil Temperature|Soil Water,Soil,2016-10-13,2018-06-14,,,40.180306,-88.433333,-88.433333,40.180306,"5TE Soil Probe - River Bend - Site #149 Location: 40deg10'49.1 N -88deg26'00.0 W Site/Logger Name: CZO_RB2 Date deployed: 10/13/2016 Sensors: 5x 5TE Soil Probes (5cm, 10cm, 20cm, 50cm, and 1m depths) Logger(s): METER Group EM60G, SN: 06-01880 (used 06/14/2018-current) Decagon EM50G, SN: 5G106591 (used 10/13/2016-06/14/2018) Measurement Interval: 5-min Data collected: volumetric water content (m^3/m^3), electrical conductivity (mS/cm), temperature (*C)","RiverBend,IllinoisSoil$SoilElectricalResistivity,SoilGeochemistry,SoilMoisture,SoilTemperature,SoilWater$http://data.imlczo.org/clowder/api/geostreams/sensors/368$$$$|RiverBend,IllinoisSoil$SoilElectricalResistivity,SoilGeochemistry,SoilMoisture,SoilTemperature,SoilWater$http://data.imlczo.org/clowder/api/geostreams/sensors/365$$$$|RiverBend,IllinoisSoil$SoilElectricalResistivity,SoilGeochemistry,SoilMoisture,SoilTemperature,SoilWater$http://data.imlczo.org/clowder/api/geostreams/sensors/366$$$$|RiverBend,IllinoisSoil$SoilElectricalResistivity,SoilGeochemistry,SoilMoisture,SoilTemperature,SoilWater$http://data.imlczo.org/clowder/api/geostreams/sensors/367$$$$|RiverBend,IllinoisSoil$SoilElectricalResistivity,SoilGeochemistry,SoilMoisture,SoilTemperature,SoilWater$http://data.imlczo.org/clowder/api/geostreams/sensors/364$$$$|RiverBend,IllinoisSoil$SoilElectricalResistivity,SoilGeochemistry,SoilMoisture,SoilTemperature,SoilWater$http://data.imlczo.org/clowder/datasets/5a32e60b4f0c6b32ffa39e93$$$$",,land_surface~1m-depth_soil__bulk_volumetric_water_content-m3/m3|land_surface~1m-depth_soil__electrical_conductivity-mS/cm|land_surface~1m-depth_soil__temperature-degC|land_surface~0.1m-depth_soil__bulk_volumetric_water_content-m3/m3|land_surface~0.1m-depth_soil__electrical_conductivity-mS/cm|land_surface~0.1m-depth_soil__temperature-degC|land_surface~0.2m-depth_soil__bulk_volumetric_water_content-m3/m3|land_surface~0.2m-depth_soil__electrical_conductivity-mS/cm|land_surface~0.2m-depth_soil__temperature-degC|land_surface~0.5m-depth_soil__bulk_volumetric_water_content-m3/m3|land_surface~0.5m-depth_soil__electrical_conductivity-mS/cm|land_surface~0.5m-depth_soil__temperature-degC|land_surface~0.05m-depth_soil__bulk_volumetric_water_content-m3/m3|land_surface~0.05m-depth_soil__electrical_conductivity-mS/cm|land_surface~0.05m-depth_soil__temperature-degC,Volumetric water content|Electrical conductivity|Temperature,"Kumar, Praveen|Keefer, Laura",,,,,,,,,,,,,,,,,,,,,,,
10013,,"IMLCZO -- Meteorology -- SRFP -- Sangamon River Forest Preserve, Illinois -- (2014-2015)",,http://data.imlczo.org/clowder/api/geostreams/sensors/160,IML,,,"Sangamon River Forest Preserve, Illinois",Meteorology,SRFP,2014-06-13,2015-07-09,,,40.281513,-88.355564,-88.355564,40.281513,Sangamon River Forest Preserve Data,"SangamonRiverForestPreserve,IllinoisSRFP$Meteorology$http://data.imlczo.org/clowder/api/geostreams/sensors/160$$$$",,counts|gusting-wind-speed-mps|leaf-wetness-minutes|precipitation-mm|relative-humidity|solar-radiation-wm2|temperature-c|valid|wind-direction|wind-speed-mps,"Counter|Wind gust speed|Leaf wetness|Precipitation|Relative humidity|Radiation, net|Temperature|Wind direction|Wind speed","Kumar, Praveen|Keefer, Laura",,,,,,,,,,,,,,,,,,,,,,,
10014,,"IMLCZO -- Soil Electrical Resistivity, Soil Geochemistry, Soil Moisture, Soil Temperature, Soil Water -- USGS -- Condit Township, Monticello, and Decatur, Illinois -- (2014-2014)",,"http://data.imlczo.org/clowder/api/geostreams/sensors/55, http://data.imlczo.org/clowder/api/geostreams/sensors/56, http://data.imlczo.org/clowder/api/geostreams/sensors/57",IML,,,"Condit Township, Monticello, and Decatur, Illinois",Soil Electrical Resistivity|Soil Geochemistry|Soil Moisture|Soil Temperature|Soil Water,USGS,2014-02-10,2014-05-24,,,40.31004047,-88.31976475,39.83116921,-88.97648191,"USGS Data: [CRLF] * usgs05570910 at 40.3100404718097, -88.31976475. [CRLF] * usgs05572000 at 40.0360365923776, -88.58441383. [CRLF] * usgs05573540 at 39.831169205848, -88.97648191.","ConditTownship,Monticello,andDecatur,IllinoisUSGS$SoilElectricalResistivity,SoilGeochemistry,SoilMoisture,SoilTemperature,SoilWater$http://data.imlczo.org/clowder/api/geostreams/sensors/55$$$$|ConditTownship,Monticello,andDecatur,IllinoisUSGS$SoilElectricalResistivity,SoilGeochemistry,SoilMoisture,SoilTemperature,SoilWater$http://data.imlczo.org/clowder/api/geostreams/sensors/56$$$$|ConditTownship,Monticello,andDecatur,IllinoisUSGS$SoilElectricalResistivity,SoilGeochemistry,SoilMoisture,SoilTemperature,SoilWater$http://data.imlczo.org/clowder/api/geostreams/sensors/57$$$$",,"Discharge, cubic feet per second|Gage height, feet",Discharge|Gage height,"Kumar, Praveen",,,,,,,,,,,,,,,,,,,,,,,
10015,,"IMLCZO -- Soil Electrical Resistivity, Soil Geochemistry, Soil Moisture, Soil Temperature, Soil Water -- IFIS -- Clear Creek, Iowa -- (2014-2014)",,"http://data.imlczo.org/clowder/api/geostreams/sensors/80, http://data.imlczo.org/clowder/api/geostreams/sensors/81, http://data.imlczo.org/clowder/api/geostreams/sensors/82, http://data.imlczo.org/clowder/api/geostreams/sensors/83, http://data.imlczo.org/clowder/api/geostreams/sensors/85",IML,,,"Clear Creek, Iowa",Soil Electrical Resistivity|Soil Geochemistry|Soil Moisture|Soil Temperature|Soil Water,IFIS,2014-03-23,2014-10-13,,,41.730501,-91.907046,-91.8907,41.6865,"IFIS Data: [CRLF] * CLRCRK01 at 41.714222, -91.77911. [CRLF] * CLRCRK03 at 41.730501, -91.907046. [CRLF] * CLRCRKS01 at 41.701175, -91.857469. [CRLF] * CLRCRKS02 at 41.6865, -91.9113. [CRLF] * CLRCRKW01 at 41.7166, -91.8907.","ClearCreek,IowaIFIS$SoilElectricalResistivity,SoilGeochemistry,SoilMoisture,SoilTemperature,SoilWater$http://data.imlczo.org/clowder/api/geostreams/sensors/80$$$$|ClearCreek,IowaIFIS$SoilElectricalResistivity,SoilGeochemistry,SoilMoisture,SoilTemperature,SoilWater$http://data.imlczo.org/clowder/api/geostreams/sensors/81$$$$|ClearCreek,IowaIFIS$SoilElectricalResistivity,SoilGeochemistry,SoilMoisture,SoilTemperature,SoilWater$http://data.imlczo.org/clowder/api/geostreams/sensors/82$$$$|ClearCreek,IowaIFIS$SoilElectricalResistivity,SoilGeochemistry,SoilMoisture,SoilTemperature,SoilWater$http://data.imlczo.org/clowder/api/geostreams/sensors/83$$$$|ClearCreek,IowaIFIS$SoilElectricalResistivity,SoilGeochemistry,SoilMoisture,SoilTemperature,SoilWater$http://data.imlczo.org/clowder/api/geostreams/sensors/85$$$$",,Flood stage feet,Water depth,"Kumar, Praveen|Wilson, Christopher",,,,,,,,,,,,,,,,,,,,,,,
10016,,"IMLCZO -- Groundwater Chemistry, Well Water Levels -- Groundwater and Barometric Pressure Data -- SRFP, and ISGS wells CHAM-08-09B, -09C, -09A, -09WT, -14-03B, Illinois -- (2011-2016)",,"http://data.imlczo.org/clowder/datasets/585b0aa5e4b055864e88fd57, http://data.imlczo.org/clowder/datasets/585b08d2e4b055864e88fc8f, http://data.imlczo.org/clowder/datasets/585b07d7e4b055864e88fc41, http://data.imlczo.org/clowder/datasets/585b0778e4b055864e88fc3d, http://data.imlczo.org/clowder/datasets/585b0714e4b055864e88fc3a, http://data.imlczo.org/clowder/datasets/585b05dae4b055864e88fba9",IML,,,"SRFP, and ISGS wells CHAM-08-09B, -09C, -09A, -09WT, -14-03B, Illinois",Groundwater Chemistry|Well Water Levels,Groundwater and Barometric Pressure Data,2011-07-18,2016-12-21,,,40.281513,-88.355564,-88.355564,40.281513,"Includes Illinois data for Sangamon River Forest Preserve, ISGS well CHAM-08-09B, ISGS well CHAM-08-09C, ISGS well CHAM-08-09A, ISGS well CHAM-08-09WT, and ISGS well CHAM-14-03B: [CRLF] * This dataset contains barometric pressure observations collected from a pressure transducer hanging within one of the wells at the Sangamon River Forest Preserve site. This data is to be used to provide atmospheric pressure measurements to correct the pressure transducer measurements monitoring water levels in the observation wells at this site. Data should be parsed by calendar year. [CRLF] * 171 foot well - This well was installed in 2008 to a depth of approximately 171 feet. The well is finished in a sand and gravel deposit. Information in this dataset will include water level observations from manual readings or transducers, as well as geologic descriptions, and other information related to the geology at the well or the construction of the observation well. Additional information may be saved that includes field notes or other metadata related to water well levels, data files, or other aspects of this well. [CRLF] * 69 foot well - This well was installed in 2008 to a depth of approximately 69 feet. The well is finished in a sand and gravel deposit. Information in this dataset will include water level observations from manual readings or transducers, as well as geologic descriptions, and other information related to the geology at the well or the construction of the observation well. Additional information may be saved that includes field notes or other metadata related to water well levels, data files, or other aspects of this well. [CRLF] * 260 ft well, ISGS well CHAM-08-09A) - This well was installed in 2008 at a depth of approximately 260 feet. The well is finished in a sand and gravel deposit. Information in this dataset will include water level observations from manual readings or transducers, as well as geologic descriptions, and other information related to the geology at the well or the construction of the observation well. Transducer data is intended to be parsed by calendar year. From 2011 through at least 2016, this well was included in the USGS Real-Time Groundwater Level Network for Illinois. All transducer data was collected by the USGS and has been downloaded and parsed. Additional information may be saved that includes field notes or other metadata related to water well levels, data files, or other aspects of this well. [CRLF] * 21 foot well - This well was installed in 2008 to a depth of approximately 21.5 feet. The well is finished in a glacial diamicton (till). Information in this dataset will include water level observations from manual readings or transducers, as well as geologic descriptions, and other information related to the geology at the well or the construction of the observation well. Transducer data is intended to be parsed by calendar year. From 2011 through at least 2016, this well was included in the USGS Real-Time Groundwater Level Network for Illinois. All transducer data was collected by the USGS and has been downloaded and parsed. Additional information may be saved that includes field notes or other metadata related to water well levels, data files, or other aspects of this well. [CRLF] * 12 foot well - This well was installed in 2014 to a depth of approximately 12 feet. The well is finished in a glacial diamicton (till). Information in this dataset will include water level observations from manual readings or transducers, as well as geologic descriptions, and other information related to the geology at the well or the construction of the observation well. Additional information may be saved that includes field notes or other metadata related to water well levels, data files, or other aspects of this well.","SRFP,andISGSwellsCHAM-08-09B,-09C,-09A,-09WT,-14-03B,IllinoisGroundwaterandBarometricPressureData$GroundwaterChemistry,WellWaterLevels$http://data.imlczo.org/clowder/datasets/585b0aa5e4b055864e88fd57$$$$|SRFP,andISGSwellsCHAM-08-09B,-09C,-09A,-09WT,-14-03B,IllinoisGroundwaterandBarometricPressureData$GroundwaterChemistry,WellWaterLevels$http://data.imlczo.org/clowder/datasets/585b08d2e4b055864e88fc8f$$$$|SRFP,andISGSwellsCHAM-08-09B,-09C,-09A,-09WT,-14-03B,IllinoisGroundwaterandBarometricPressureData$GroundwaterChemistry,WellWaterLevels$http://data.imlczo.org/clowder/datasets/585b07d7e4b055864e88fc41$$$$|SRFP,andISGSwellsCHAM-08-09B,-09C,-09A,-09WT,-14-03B,IllinoisGroundwaterandBarometricPressureData$GroundwaterChemistry,WellWaterLevels$http://data.imlczo.org/clowder/datasets/585b0778e4b055864e88fc3d$$$$|SRFP,andISGSwellsCHAM-08-09B,-09C,-09A,-09WT,-14-03B,IllinoisGroundwaterandBarometricPressureData$GroundwaterChemistry,WellWaterLevels$http://data.imlczo.org/clowder/datasets/585b0714e4b055864e88fc3a$$$$|SRFP,andISGSwellsCHAM-08-09B,-09C,-09A,-09WT,-14-03B,IllinoisGroundwaterandBarometricPressureData$GroundwaterChemistry,WellWaterLevels$http://data.imlczo.org/clowder/datasets/585b05dae4b055864e88fba9$$$$",,Barometric Pressure|Temperature|Pressure|Depth,"Barometric pressure|Temperature|Pressure, absolute|Gage height","Kumar, Praveen|Keefer, Don|Keefer, Laura",,,,,,,,,,,,,,,,,,,,,,,
10017,,"IMLCZO -- Soil Electrical Resistivity, Soil Geochemistry, Soil Moisture, Soil Temperature, Soil Water -- Lab Analyses, MG-RAST -- Upper Sangamon River Basin, Illinois -- (2016-2016)",,http://data.imlczo.org/clowder/datasets/5be9e7c74f0c64acc532dc34,IML,,,"Upper Sangamon River Basin, Illinois",Soil Electrical Resistivity|Soil Geochemistry|Soil Moisture|Soil Temperature|Soil Water,"Lab Analyses, MG-RAST",2016-08-11,2016-08-12,,,40.42749,-88.60321,-88.60321,40.42749,USSample Data - Related MG-RAST link is http://www.mg-rast.org/mgmain.html?mgpage=search&amp;search=sangamon,"UpperSangamonRiverBasin,IllinoisLabAnalysesMG-RAST$SoilElectricalResistivity,SoilGeochemistry,SoilMoisture,SoilTemperature,SoilWater$http://data.imlczo.org/clowder/datasets/5be9e7c74f0c64acc532dc34$$$$",,Temp|Depth|Color|Sample Medium|Consistency|Moisture Content|Geologic Material|Landuse Type|Crop Type|Topographic Position|Water Content,"Temperature|Ecological Land Classification|Depth, soil|Soil classification|Volumetric water content|Geologic unit|Color","Kumar, Praveen|Packman, Aaron",,,,,,,,,,,,,,,,,,,,,,,
10018,,"IMLCZO -- Soil Electrical Resistivity, Soil Geochemistry, Soil Moisture, Soil Temperature, Soil Water -- Lab Analyses -- Lake Decatur, Illinois -- (2014-2015)",,http://data.imlczo.org/clowder/datasets/5bd31d9c4f0c57b7e9b06256,IML,,,"Lake Decatur, Illinois",Soil Electrical Resistivity|Soil Geochemistry|Soil Moisture|Soil Temperature|Soil Water,Lab Analyses,2014-01-01,2015-12-31,,,39.84241,-88.91544,-88.89432,39.8298,"The following analyses were done on core sediments collected in 2014-15 from the undredged portion of Lake Decatur: 1. Solid phase organic C, total N, and their stable isotopes 2. Pore water dissolved inorganic C (DIC), methane and their stable C isotopes 3. 210Pb, 137Cs","LakeDecatur,IllinoisLabAnalyses$SoilElectricalResistivity,SoilGeochemistry,SoilMoisture,SoilTemperature,SoilWater$http://data.imlczo.org/clowder/datasets/5bd31d9c4f0c57b7e9b06256$$$$",,Depth|Solid phase organic C|total N|Pore water dissolved inorganic C (DIC)|methane|stable C isotopes|210Pb|137Cs,"Depth, soil|Carbon, total solid phase|Carbon-13, stable isotope ratio delta|Methane|Carbon, dissolved inorganic|Lead|Cesium-137","Kumar, Praveen|Blair, Neal",,,,,,,,,,,,,,,,,,,,,,,
10019,,"IMLCZO -- Soil Electrical Resistivity, Soil Geochemistry, Soil Moisture, Soil Temperature, Soil Water, LiDAR -- Lab Analyses -- Upper Sangamon River Basin, Illinois -- (2014-2014)",,http://data.imlczo.org/clowder/datasets/5a1075b64f0c788045872f05,IML,,,"Upper Sangamon River Basin, Illinois",Soil Electrical Resistivity|Soil Geochemistry|Soil Moisture|Soil Temperature|Soil Water|LiDAR,Lab Analyses,2014-01-01,2014-12-31,,,40.205796,-88.648083,-88.391213,40.0031,"USRB__lidar_HSI_survey_soil_geochemistry_bureauveritas_2014, Lab Analyses - Soil geochemistry for 2014 Lidar HSI survey in USRB. Analyses performed by Bureau Veritas Commodities Canada Limited.","UpperSangamonRiverBasin,IllinoisLabAnalyses$SoilElectricalResistivity,SoilGeochemistry,SoilMoisture,SoilTemperature,SoilWater,LiDAR$http://data.imlczo.org/clowder/datasets/5a1075b64f0c788045872f05$$$$",,Ag|Al|As|Au|B|Ba|Be|Bi|Ca|Cd|Ce|Co|Cr|Cs|Cu|Fe|Ga|Ge|Hf|Hg|In|K|La|Li|Mg|Mn|Mo|Na|Nb|Ni|P|Pb|Pd|Pt|Rb|Re|S|Sb|Sc|Se|Sn|Sr|Ta|Te|Th|Ti|Tl|U|V|W|Y|Zn|Zr,"Silver|Aluminum|Arsenic|Gold|Boron, total|Barium|Beryllium|Bismuth|Calcium, total|Cadmium|Cerium|Cobalt|Chromium|Cesium|Copper|Iron|Gallium|Germanium|Hafnium|Mercury, total|Indium|Potassium|Lanthanum|Lithium, total|Magnesium|Manganese|Molybdenum, total|Sodium|Niobium, total|Nickel|Phosphorus|Lead|Palladium|Platinum|Rubidium|Rhenium, total|Sulfur|Antimony|Scandium|Selenium, total|Tin, total|Strontium|Tantalum|Tellurium|Thorium|Titanium|Thallium|Uranium|Vanadium, total|Tungsten|Yttrium|Zinc|Zirconium","Kumar, Praveen|Keefer, Laura|Stumpf, Andrew",,,,,,,,,,,,,,,,,,,,,,,
10020,,"IMLCZO -- Soil Electrical Resistivity, Soil Geochemistry, Soil Moisture, Soil Temperature, Soil Water -- Lab Analyses -- Mahomet, Illinois -- (2014-2017)",,http://data.imlczo.org/clowder/datasets/5a05c2cd4f0c35a99fde94c3,IML,,,"Mahomet, Illinois",Soil Electrical Resistivity|Soil Geochemistry|Soil Moisture|Soil Temperature|Soil Water,Lab Analyses,2014-10-13,2017-11-21,,,40.171097,-88.446064,-88.446064,40.171097,"Lab Analysis - #105 Mahomet Suspended Sediment, Lab Analyses - Analysis of suspended sediment samples at #105 Mahomet gauging site from 10/13/2014 to current. Location: 40deg10'15.95N 88deg26'45.83W. Please contact Brynne Storsved for more information.","Mahomet,IllinoisLabAnalyses$SoilElectricalResistivity,SoilGeochemistry,SoilMoisture,SoilTemperature,SoilWater$http://data.imlczo.org/clowder/datasets/5a05c2cd4f0c35a99fde94c3$$$$",,Suspended Sediment,"Sediment, suspended","Kumar, Praveen|Keefer, Laura|Storsved, Brynne",,,,,,,,,,,,,,,,,,,,,,,
10021,,"IMLCZO -- Soil Electrical Resistivity, Soil Geochemistry, Soil Moisture, Soil Temperature, Soil Water -- Lab Analyses -- Sangamon, Illinois -- (2015-2015)",,http://data.imlczo.org/clowder/datasets/5a0498d44f0c35a99fde5b20,IML,,,"Sangamon, Illinois",Soil Electrical Resistivity|Soil Geochemistry|Soil Moisture|Soil Temperature|Soil Water,Lab Analyses,2015-01-01,2015-12-31,,,40.438623,-88.636312,-88.555147,40.002073,"Bank exposed soils from the Sangamon, Lab Analyses - The summary sheet has the data (don't use the yellow highlighted information) and the metadata sheet has the lat-longs for the sampling locations.","Sangamon,IllinoisLabAnalyses$SoilElectricalResistivity,SoilGeochemistry,SoilMoisture,SoilTemperature,SoilWater$http://data.imlczo.org/clowder/datasets/5a0498d44f0c35a99fde5b20$$$$",,"particulate organic C, N, 13C, 15N","Carbon, particulate organic|Nitrogen|Carbon|Nitrogen-15","Kumar, Praveen|Keefer, Laura|Blair, Neal",,,,,,,,,,,,,,,,,,,,,,,
10022,,"IMLCZO -- Soil Electrical Resistivity, Soil Geochemistry, Soil Moisture, Soil Temperature, Soil Water -- Lab Analyses -- Clear Creek, Iowa -- (2014-2016)",,http://data.imlczo.org/clowder/datasets/5a0498834f0c35a99fde5ad1,IML,,,"Clear Creek, Iowa",Soil Electrical Resistivity|Soil Geochemistry|Soil Moisture|Soil Temperature|Soil Water,Lab Analyses,2014-01-01,2016-12-31,,,40.002073,-91.928242,-91.598334,41.676498,"Stream organic carbon from Clear Creek, Lab Analyses - The primary data collections are arranged by station (CCSAC, CCC, CCO, M1-M3, and T1-T2). More detailed explanations can be provided as needed. We have data from 2014-2016.","ClearCreek,IowaLabAnalyses$SoilElectricalResistivity,SoilGeochemistry,SoilMoisture,SoilTemperature,SoilWater$http://data.imlczo.org/clowder/datasets/5a0498834f0c35a99fde5ad1$$$$",,"particulate organic C, N, 13C, 15N","Carbon, particulate organic|Nitrogen|Carbon|Nitrogen-15","Kumar, Praveen|Blair, Neal",,,,,,,,,,,,,,,,,,,,,,,
10023,,"IMLCZO -- Soil Electrical Resistivity, Soil Geochemistry, Soil Moisture, Soil Temperature, Soil Water -- Lab Analyses, Glacial Till -- Upper Sangamon River Basin, Illinois -- (2016-2016)",,http://data.imlczo.org/clowder/datasets/5a0496b54f0c8335a835ae25,IML,,,"Upper Sangamon River Basin, Illinois",Soil Electrical Resistivity|Soil Geochemistry|Soil Moisture|Soil Temperature|Soil Water,"Lab Analyses, Glacial Till",2016-01-01,2016-12-31,,,40.39578,-88.47209,-88.251562,40.149381,"UScarbon and suplhur content in glacial till, Lab Analyses - Carbon and sulphur data from glacial till other sediment in the USRB.","UpperSangamonRiverBasin,IllinoisLabAnalysesGlacialTill$SoilElectricalResistivity,SoilGeochemistry,SoilMoisture,SoilTemperature,SoilWater$http://data.imlczo.org/clowder/datasets/5a0496b54f0c8335a835ae25$$$$",,carbon|sulfur,Carbon|Sulfur,"Kumar, Praveen|Stumpf, Andrew",,,,,,,,,,,,,,,,,,,,,,,
10024,,"IMLCZO -- Lysimeter Water Samples Chemistry, Meteorology, Soil Electrical Resistivity, Soil Geochemistry, Soil Moisture, Soil Temperature, Soil Water -- Soil, Atmospheric -- Sangamon River Forest Preserve, Illinois -- (2014-2018)",,"http://data.imlczo.org/clowder/datasets/572b63fde4b0ed483bd601de, http://data.imlczo.org/clowder/datasets/572b5fcce4b0ed483bd60199, http://data.imlczo.org/clowder/datasets/55e729b0e4b07aec0f3d7e40, http://data.imlczo.org/clowder/datasets/572b5f66e4b0ed483bd60180, http://data.imlczo.org/clowder/datasets/5735f5abe4b093faba65797e, http://data.imlczo.org/clowder/datasets/5735f707e4b093faba657a0c",IML,,,"Sangamon River Forest Preserve, Illinois",Lysimeter Water Samples Chemistry|Meteorology|Soil Electrical Resistivity|Soil Geochemistry|Soil Moisture|Soil Temperature|Soil Water,"Soil, Atmospheric",2014-05-29,2018-03-13,,,40.281513,-88.355564,-88.355564,40.281513,"Sangamon River Forest Preserve Locations in Illinois: [CRLF] * Lysimeter: 7/16/14 - 5/6/16. [CRLF] * SRFP-1: 5/29/14 - 12/26/17. [CRLF] * SRFP-2: 12/4/14 - 2/9/17. [CRLF] * SRFP-3: 6/19/14 - 3/13/18. [CRLF] * SRFP-4: 6/19/14 - 11/14/17. [CRLF] * SRFP-5: 7/8/14 - 3/13/18. [CRLF] Additional Information: [CRLF] * SRFP-Lysimeters - Two lysimeters located at the Sangamon River Forest Preserve site, installed summer 2014 Deep: Shallow: ***upload drawing of site locations (allison). [CRLF] * SRFP-1 - Site #149 - Sangamon River Forest Preserve Site/Logger Name: SRFP-1 (Nest 1) Date deployed: ?? Sensors: 3 soil probes - Decagon EC-5 at -5 cm depth, only volumetric water content (m^3/m^3) Decagon 5TM at -20 cm depth, volumetric water content (m^3/m^3) and temperature (*C) Decagon EC-5 at -60 cm depth, only volumetric water content (m^3/m^3) Logger(s): Decagon EM50, SN: EM24114 Measurement Interval: 5-min. [CRLF] * SRFP-2 - Sangamon River Forest Preserve 2 Decagon device measuring rain level, leaf wetness, humidity, solar radiation, wind speed, air temperature. [CRLF] * SRFP-3 - Site #149 - Sangamon River Forest Preserve Site/Logger Name: SRFP-3 (Nest 3) Date deployed: ?? Sensors: 3x 5TE Soil Moisture Probes (5cm, 20cm, 60cm depths) Data collected: volumetric water content (m^3/m^3), electrical conductivity (mS/cm), temperature (*C) Logger(s): Decagon EM50, SN: EM28908 Measurement Interval: 5-min. [CRLF] * SRFP-4 - soil moisture station next to the 6 inch (shallow) lysimeter (north side). Has soil sensors at 5, 20, 60 cm, measuring Temp, K, soil moisture. Decagon 5TE, data logger serial 28906. [CRLF] * SRFP-5 - soil moisture station next to deep 24 lysimeter (south lysimeter), soil data at 5, 20, 60 cm depths, Decagon 5TE sensors measure K, Temp, moisture, old datalogger serial 28907. Replaced data logger on May 6, 2016 (battery corrosion and ants), new serial: 28186. (note: this did not solve problem of 2 sensors not working) Replaced entire station July 2016: now has 4 soil sensors (2 are located at 20 cm depth).","SangamonRiverForestPreserve,IllinoisSoilAtmospheric$LysimeterWaterSamplesChemistry,Meteorology,SoilElectricalResistivity,SoilGeochemistry,SoilMoisture,SoilTemperature,SoilWater$http://data.imlczo.org/clowder/datasets/572b63fde4b0ed483bd601de$$$$|SangamonRiverForestPreserve,IllinoisSoilAtmospheric$LysimeterWaterSamplesChemistry,Meteorology,SoilElectricalResistivity,SoilGeochemistry,SoilMoisture,SoilTemperature,SoilWater$http://data.imlczo.org/clowder/datasets/572b5fcce4b0ed483bd60199$$$$|SangamonRiverForestPreserve,IllinoisSoilAtmospheric$LysimeterWaterSamplesChemistry,Meteorology,SoilElectricalResistivity,SoilGeochemistry,SoilMoisture,SoilTemperature,SoilWater$http://data.imlczo.org/clowder/datasets/55e729b0e4b07aec0f3d7e40$$$$|SangamonRiverForestPreserve,IllinoisSoilAtmospheric$LysimeterWaterSamplesChemistry,Meteorology,SoilElectricalResistivity,SoilGeochemistry,SoilMoisture,SoilTemperature,SoilWater$http://data.imlczo.org/clowder/datasets/572b5f66e4b0ed483bd60180$$$$|SangamonRiverForestPreserve,IllinoisSoilAtmospheric$LysimeterWaterSamplesChemistry,Meteorology,SoilElectricalResistivity,SoilGeochemistry,SoilMoisture,SoilTemperature,SoilWater$http://data.imlczo.org/clowder/datasets/5735f5abe4b093faba65797e$$$$|SangamonRiverForestPreserve,IllinoisSoilAtmospheric$LysimeterWaterSamplesChemistry,Meteorology,SoilElectricalResistivity,SoilGeochemistry,SoilMoisture,SoilTemperature,SoilWater$http://data.imlczo.org/clowder/datasets/5735f707e4b093faba657a0c$$$$",,Evapotranspiration|VWC|Temp|EC|rain level|leaf wetness|humidity|solar radiation|wind speed|air temperature|direction,"Evapotranspiration|Volumetric water content|Electrical conductivity|Temperature|Precipitation|Wind direction|Wind speed|Relative humidity|Leaf wetness|Radiation, net","Kumar, Praveen|Keefer, Laura|Goodwell, Allison",,,,,,,,,,,,,,,,,,,,,,,
10025,,"IMLCZO -- Soil Electrical Resistivity, Soil Geochemistry, Soil Moisture, Soil Temperature, Soil Water -- Soil, Historical -- Sangamon River Forest Preserve, Illinois -- (2014-2015)",,http://data.imlczo.org/clowder/datasets/55db506ee4b07aec0f3d36e5,IML,,,"Sangamon River Forest Preserve, Illinois",Soil Electrical Resistivity|Soil Geochemistry|Soil Moisture|Soil Temperature|Soil Water,"Soil, Historical",2014-06-12,2015-05-04,,,40.281513,-88.355564,-88.355564,40.281513,SRFP-HISTORICAL - SRFP - SRFP-HISTORICAL,"SangamonRiverForestPreserve,IllinoisSoilHistorical$SoilElectricalResistivity,SoilGeochemistry,SoilMoisture,SoilTemperature,SoilWater$http://data.imlczo.org/clowder/datasets/55db506ee4b07aec0f3d36e5$$$$",,Counts|Gusts|min Wet|Precip|RH|Solar|Temp|Valid|Direction|Speed ,"Counter|Wind gust speed|Leaf wetness|Precipitation|Relative humidity|Radiation, net|Temperature|Wind direction|Wind speed","Kumar, Praveen|Keefer, Laura",,,,,,,,,,,,,,,,,,,,,,,
10026,,"IMLCZO -- GIS/Map Data, LiDAR -- Spatial and GIS Data -- Illinois -- (2017-2017)",,http://data.imlczo.org/clowder/datasets/5c37e1084f0cd4db271b5fde,IML,,,Illinois,GIS/Map Data|LiDAR,Spatial and GIS Data,2017-01-01,2017-12-31,,,40.31016574,-88.68622434,-88.27059668,39.97482833,Hyperspectral data of IL,"IllinoisSpatialandGISData$GIS/MapData,LiDAR$http://data.imlczo.org/clowder/datasets/5c37e1084f0cd4db271b5fde$$$$",,DEM|hillshade,Digital elevation model|Hillshade,"Kumar, Praveen",,,,,,,,,,,,,,,,,,,,,,,
10027,,IMLCZO -- GIS/Map Data -- Spatial and GIS Data -- Illinois -- (2017-2017),,http://data.imlczo.org/clowder/datasets/5ab972724f0c5cb235dad0ed,IML,,,Illinois,GIS/Map Data,Spatial and GIS Data,2017-01-01,2017-12-31,,,40.31016574,-88.68622434,-88.27059668,39.97482833,"Includes: IDOT, NAIP, NAPP data and IL geography shapefiles ISGS data from Don",IllinoisSpatialandGISData$GIS/MapData$http://data.imlczo.org/clowder/datasets/5ab972724f0c5cb235dad0ed$$$$,,shapefile,Shapefile,"Kumar, Praveen",,,,,,,,,,,,,,,,,,,,,,,
10028,,"IMLCZO -- GIS/Map Data, LiDAR -- Spatial and GIS Data -- Sangamon, Illinois -- (2017-2017)",,"http://data.imlczo.org/clowder/datasets/5a5527474f0c7e8992334afd, http://data.imlczo.org/clowder/datasets/5a5526ec4f0c7e8992334ac0, http://data.imlczo.org/clowder/datasets/5a202e8b4f0cbaceda4ac480, http://data.imlczo.org/clowder/datasets/5a202e804f0cbaceda4ac47c, http://data.imlczo.org/clowder/datasets/5a202e5f4f0cbaceda4ac474, http://data.imlczo.org/clowder/datasets/5a202dc24f0cbaceda4ac470, http://data.imlczo.org/clowder/datasets/5a202b3f4f0cbaceda4ac3a1",IML,,,"Sangamon, Illinois",GIS/Map Data|LiDAR,Spatial and GIS Data,2017-01-01,2017-12-31,,,40.31016574,-88.68622434,-88.27059668,39.97482833,"Sangamon Data: [CRLF] * Sangamon Aquarius Hillshade U 1m HS - Green Lidar. 1 meter Hillshade including canopy. QA/QC: By NCALM. [CRLF] * Sangamon Aquarius Hillshade F 1m HS - Green Lidar. 1 meter Hillshade of topography, no canopy. QA/QC: By NCALM. [CRLF] * Sangamon Waveform CSD Digitizer - Green Lidar. Raw Full Waveform Lidar data. QA/QC: None. [CRLF] * Sangamon LAS Tiles Classified Final - Green Lidar. Classified point cloud data in 1000x1000 meter tiles. QA/QC: By NCALM. [CRLF] * Sangamon ESRI AQ - Green Lidar. DEM data with and without canopy. QA/QC: By NCALM. [CRLF] * Sangamon Gemini Waveform - Near Infra-red (NIR) Lidar. Raw Full Waveform Lidar data. QA/QC: None. [CRLF] * Sangamon Hyperspectral Data - Hyperspectral Lidar data. QA/QC: QAed no QC.","Sangamon,IllinoisSpatialandGISData$GIS/MapData,LiDAR$http://data.imlczo.org/clowder/datasets/5a5527474f0c7e8992334afd$$$$|Sangamon,IllinoisSpatialandGISData$GIS/MapData,LiDAR$http://data.imlczo.org/clowder/datasets/5a5526ec4f0c7e8992334ac0$$$$|Sangamon,IllinoisSpatialandGISData$GIS/MapData,LiDAR$http://data.imlczo.org/clowder/datasets/5a202e8b4f0cbaceda4ac480$$$$|Sangamon,IllinoisSpatialandGISData$GIS/MapData,LiDAR$http://data.imlczo.org/clowder/datasets/5a202e804f0cbaceda4ac47c$$$$|Sangamon,IllinoisSpatialandGISData$GIS/MapData,LiDAR$http://data.imlczo.org/clowder/datasets/5a202e5f4f0cbaceda4ac474$$$$|Sangamon,IllinoisSpatialandGISData$GIS/MapData,LiDAR$http://data.imlczo.org/clowder/datasets/5a202dc24f0cbaceda4ac470$$$$|Sangamon,IllinoisSpatialandGISData$GIS/MapData,LiDAR$http://data.imlczo.org/clowder/datasets/5a202b3f4f0cbaceda4ac3a1$$$$",,hillshade|landcover|DEM,Hillshade|Ecological Land Classification|Digital elevation model ,"Kumar, Praveen",,,,,,,,,,,,,,,,,,,,,,,
10029,,"IMLCZO -- GIS/Map Data, LiDAR -- Spatial and GIS Data -- Clear Creek, Iowa -- (2017-2017)",,"http://data.imlczo.org/clowder/datasets/5a5525af4f0c7e8992334a5f, http://data.imlczo.org/clowder/datasets/5a55255a4f0c7e89923349ff, http://data.imlczo.org/clowder/datasets/5a5525034f0c7e89923349da, http://data.imlczo.org/clowder/datasets/5a5524b84f0c7e89923349b5, http://data.imlczo.org/clowder/datasets/5a55243a4f0c7e8992334951, http://data.imlczo.org/clowder/datasets/5a550fdc4f0c7e89923344fd, http://data.imlczo.org/clowder/datasets/5a550df74f0c7e899233446b, http://data.imlczo.org/clowder/datasets/5a550dd64f0c7e8992334467, http://data.imlczo.org/clowder/datasets/5a550c144f0c7e89923343fb, http://data.imlczo.org/clowder/datasets/5a550be84f0c7e89923343f6, http://data.imlczo.org/clowder/datasets/5a550bb84f0c7e89923343b5, http://data.imlczo.org/clowder/datasets/5a550b9c4f0c7e89923343b1, http://data.imlczo.org/clowder/datasets/5a20335a4f0c08fbe2d2cfb2, http://data.imlczo.org/clowder/datasets/5a2033534f0c08fbe2d2cfae, http://data.imlczo.org/clowder/datasets/5a2033494f0c08fbe2d2cfaa, http://data.imlczo.org/clowder/datasets/5a2033414f0c08fbe2d2cfa6, http://data.imlczo.org/clowder/datasets/5a2030e74f0cbaceda4ac512, http://data.imlczo.org/clowder/datasets/5a2030db4f0cbaceda4ac50e, http://data.imlczo.org/clowder/datasets/5980ca684f0c90ece2e895ec, http://data.imlczo.org/clowder/datasets/5980c9e64f0c90ece2e895bc, http://data.imlczo.org/clowder/datasets/5980c82c4f0c90ece2e8951a, http://data.imlczo.org/clowder/datasets/5980c77b4f0c90ece2e89508",IML,,,"Clear Creek, Iowa",GIS/Map Data|LiDAR,Spatial and GIS Data,2017-01-01,2017-12-31,,,41.77126666,-92.02352616,-91.21178987,41.1982244,Clear Creek Data: [CRLF] * Clear Creek DEM Hillshade Near IR U West - Near Infra-red (NIR) Lidar. Hillshade including canopy of western block in the watershed. QA/QC: By NCALM. [CRLF] * Clear Creek DEM Hillshade Near IR U East - Near Infra-red (NIR) Lidar. Hillshade including canopy of eastern block in the watershed. QA/QC: By NCALM. [CRLF] * Clear Creek DEM Hillshade Near IR F West - Near Infra-red (NIR) Lidar. Hillshade of topograpy without canopy of western block in the watershed. QA/QC: By NCALM. [CRLF] * Clear Creek DEM Hillshade Near IR F East - Near Infra-red (NIR) Lidar. Hillshade of topograpy without canopy of eastern block in the watershed. QA/QC: By NCALM. [CRLF] * Clear Creek DEM Hillshade Green Lidar F West - Green Lidar. Hillshade of topograpy without canopy of western block in the watershed. QA/QC: By NCALM. [CRLF] * Clear Creek DEM Hillshade Green Lidar F East - Green Lidar. Hillshade of topograpy without canopy of eastern block in the watershed. QA/QC: By NCALM. [CRLF] * Clear Creek DEM Near IR Lidar U West - Near Infra-red (NIR) Lidar. DEM including canopy of western block in the watershed. QA/QC: By NCALM. [CRLF] * Clear Creek DEM Near IR Lidar U East - Near Infra-red (NIR) Lidar. DEM including canopy of eastern block in the watershed. QA/QC: By NCALM. [CRLF] * Clear Creek DEM Near IR Lidar F West - Near Infra-red (NIR) Lidar. DEM of topography without canopy of western block in the watershed. QA/QC: By NCALM. [CRLF] * Clear Creek DEM Near IR Lidar F East - Near Infra-red (NIR) Lidar. DEM of topography without canopy of eastern block in the watershed. QA/QC: By NCALM. [CRLF] * Clear Creek DEM Green Lidar F West - Green Lidar. DEM of topography without canopy of western block in the watershed. QA/QC: By NCALM. [CRLF] * Clear Creek DEM Green Lidar F East - Green Lidar. DEM of topography without canopy of eastern block in the watershed. QA/QC: By NCALM. [CRLF] * Clear Creek CSD AQ 2015 - CZO Clear Creek IA - Waveform CSD Digitizer Data - CSD AQ 2015 Data. [CRLF] * Clear Creek CSD AQ 2014 - Green Lidar. Raw Full Waveform Lidar. QA/QC: None. [CRLF] * Clear Creek CSD NIR 2015 - CZO Clear Creek IA - Waveform CSD Digitizer Data - NIR 2015 Data. [CRLF] * Clear Creek CSD NIR 2014 - Near Infra-red (NIR) Lidar. Raw Full Waveform Lidar. QA/QC: None. [CRLF] * Clear Creek NIR - Near Infra-red (NIR) Lidar. Point Cloud data. QA/QC: By NCALM. [CRLF] * Clear Creek AQ_532 - Green Lidar. Point Cloud data. QA/QC: By NCALM. [CRLF] GIS data in CCW - This dataset contains: * wss_gsmsoil_IA_[2006-07-06].zip = Soil data from SURRGO of the IA state * wss_SSA_IA095_soildb_IA_2003_[2016-09-22].zip = Soil data from SURRGO of watershed IA095. covers another half of CCW *. wss_SSA_IA103_soildb_IA_2003_[2016-09-22].zip = Soil data from SURRGO of watershed IA095. covers half of CCW * CCW_crop_cover_tif.zip = CCW crop cover in 2007 * ClearCreek_Streams.zip = Stream file for Clear Creek watershed in Iowa *. State_of_Iowa.zip = Shape file of the boundary of * ClearCreek_Border.zip = Shape file of the boundary of Iowa State QA/QC: Yes. * CCW 10 DEM - This dataset contains: * n42w093.zip = 10 meter resolution DEM at 42N 93W * n42w092.zip = 10 meter resolution DEM at 42N 92W * n42w091.zip = 10 meter resolution DEM at 42N 91W QA/QC: Yes. * CCW 1m lidar DEM - 1 meter resolution DEM for Clear Creek watershed QA/QC: Yes. * 2m Lidar DEM - 2 meter resolution DEM for Clear Creek watershed QA/QC: Yes.,"ClearCreek,IowaSpatialandGISData$GIS/MapData,LiDAR$http://data.imlczo.org/clowder/datasets/5a5525af4f0c7e8992334a5f$$$$|ClearCreek,IowaSpatialandGISData$GIS/MapData,LiDAR$http://data.imlczo.org/clowder/datasets/5a55255a4f0c7e89923349ff$$$$|ClearCreek,IowaSpatialandGISData$GIS/MapData,LiDAR$http://data.imlczo.org/clowder/datasets/5a5525034f0c7e89923349da$$$$|ClearCreek,IowaSpatialandGISData$GIS/MapData,LiDAR$http://data.imlczo.org/clowder/datasets/5a5524b84f0c7e89923349b5$$$$|ClearCreek,IowaSpatialandGISData$GIS/MapData,LiDAR$http://data.imlczo.org/clowder/datasets/5a55243a4f0c7e8992334951$$$$|ClearCreek,IowaSpatialandGISData$GIS/MapData,LiDAR$http://data.imlczo.org/clowder/datasets/5a550fdc4f0c7e89923344fd$$$$|ClearCreek,IowaSpatialandGISData$GIS/MapData,LiDAR$http://data.imlczo.org/clowder/datasets/5a550df74f0c7e899233446b$$$$|ClearCreek,IowaSpatialandGISData$GIS/MapData,LiDAR$http://data.imlczo.org/clowder/datasets/5a550dd64f0c7e8992334467$$$$|ClearCreek,IowaSpatialandGISData$GIS/MapData,LiDAR$http://data.imlczo.org/clowder/datasets/5a550c144f0c7e89923343fb$$$$|ClearCreek,IowaSpatialandGISData$GIS/MapData,LiDAR$http://data.imlczo.org/clowder/datasets/5a550be84f0c7e89923343f6$$$$|ClearCreek,IowaSpatialandGISData$GIS/MapData,LiDAR$http://data.imlczo.org/clowder/datasets/5a550bb84f0c7e89923343b5$$$$|ClearCreek,IowaSpatialandGISData$GIS/MapData,LiDAR$http://data.imlczo.org/clowder/datasets/5a550b9c4f0c7e89923343b1$$$$|ClearCreek,IowaSpatialandGISData$GIS/MapData,LiDAR$http://data.imlczo.org/clowder/datasets/5a20335a4f0c08fbe2d2cfb2$$$$|ClearCreek,IowaSpatialandGISData$GIS/MapData,LiDAR$http://data.imlczo.org/clowder/datasets/5a2033534f0c08fbe2d2cfae$$$$|ClearCreek,IowaSpatialandGISData$GIS/MapData,LiDAR$http://data.imlczo.org/clowder/datasets/5a2033494f0c08fbe2d2cfaa$$$$|ClearCreek,IowaSpatialandGISData$GIS/MapData,LiDAR$http://data.imlczo.org/clowder/datasets/5a2033414f0c08fbe2d2cfa6$$$$|ClearCreek,IowaSpatialandGISData$GIS/MapData,LiDAR$http://data.imlczo.org/clowder/datasets/5a2030e74f0cbaceda4ac512$$$$|ClearCreek,IowaSpatialandGISData$GIS/MapData,LiDAR$http://data.imlczo.org/clowder/datasets/5a2030db4f0cbaceda4ac50e$$$$|ClearCreek,IowaSpatialandGISData$GIS/MapData,LiDAR$http://data.imlczo.org/clowder/datasets/5980ca684f0c90ece2e895ec$$$$|ClearCreek,IowaSpatialandGISData$GIS/MapData,LiDAR$http://data.imlczo.org/clowder/datasets/5980c9e64f0c90ece2e895bc$$$$|ClearCreek,IowaSpatialandGISData$GIS/MapData,LiDAR$http://data.imlczo.org/clowder/datasets/5980c82c4f0c90ece2e8951a$$$$|ClearCreek,IowaSpatialandGISData$GIS/MapData,LiDAR$http://data.imlczo.org/clowder/datasets/5980c77b4f0c90ece2e89508$$$$",,landcover|DEM|hillshade,Ecological Land Classification|Digital elevation model|Hillshade,"Kumar, Praveen",,,,,,,,,,,,,,,,,,,,,,,
10030,,"IMLCZO -- GIS/Map Data -- Spatial and GIS Data -- Upper Sangamon River Basin, Illinois, and Clear Creek, Iowa -- (2017-2017)",,http://data.imlczo.org/clowder/datasets/58409bbee4b0829ee4d5be2e,IML,,,"Upper Sangamon River Basin, Illinois, and Clear Creek, Iowa",GIS/Map Data,Spatial and GIS Data,2017-01-01,2017-12-31,,,41.77126666,-92.02352616,-88.27059668,39.97482833,Land cover in the USand the CCW - The land cover data is collected annually from USDA for the whole US. The data can be downloaded here https://nassgeodata.gmu.edu/CropScape/. Data resolution is 30 *30 m. The available data period for both USRB and CCW is from 2008 till 2015,"UpperSangamonRiverBasin,Illinois,andClearCreek,IowaSpatialandGISData$GIS/MapData$http://data.imlczo.org/clowder/datasets/58409bbee4b0829ee4d5be2e$$$$",,landcover,Ecological Land Classification,"Kumar, Praveen",,,,,,,,,,,,,,,,,,,,,,,
10031,,"IMLCZO -- GIS/Map Data -- Spatial and GIS Data -- Upper Sangamon River Basin, Illinois -- (2017-2017)",,"http://data.imlczo.org/clowder/datasets/57c0b26ee4b0b805e47b3d95, http://data.imlczo.org/clowder/datasets/57c0b0fbe4b0b805e47b3cf6, http://data.imlczo.org/clowder/datasets/562fb740e4b02ec77e9b043b, http://data.imlczo.org/clowder/datasets/562fb328e4b02ec77e9b03d0, http://data.imlczo.org/clowder/datasets/57c0b6d0e4b0b805e47b3eb1, http://data.imlczo.org/clowder/datasets/57c0b5b3e4b0b805e47b3e5a, http://data.imlczo.org/clowder/datasets/57c0b485e4b0b805e47b3df8",IML,,,"Upper Sangamon River Basin, Illinois",GIS/Map Data,Spatial and GIS Data,2017-01-01,2017-12-31,,,40.31016574,-88.68622434,-88.27059668,39.97482833,"Data Contains: [CRLF] * ISGS_geological survey of IL - This zip file includes several ArcGIS map from ISGS. Glacial boundary, Loess thickness, moraine boundary, bedrock topogrpahy, drift thickness, etc. [CRLF] * Soil_data_USRB_CCW - The original data is from USDA web soil survey (http://websoilsurvey.sc.egov.usda.gov/App/HomePage.htm). The uploaded files here are erosion factor and soil texture, which are converted from the soil survey index. [CRLF] * Previous measurement station - These sensor locations are previously installed inside USRB, including precipitation stations, sediment station, USGS stream station, Ameriflux tower, ISWS Stream and nutrient station, etc. [CRLF] * USLandcover in 2014 - Spatial and GIS Data. [CRLF] * GIS survey of Hydrology in USRB - This zip folder includes several files: 1. Major tributaries 2. NHD Flowlines 3. Stream order of major streams 4. Waterbody 5. Watershed boundary. [CRLF] * USstreams - This dataset contains the streams from NHD (USGS national map viewer) and from ISGS (major tributaries). [CRLF] * USBoundaries - This dataset contains county , watershed , glacial, and moraine boundaries.","UpperSangamonRiverBasin,IllinoisSpatialandGISData$GIS/MapData$http://data.imlczo.org/clowder/datasets/57c0b26ee4b0b805e47b3d95$$$$|UpperSangamonRiverBasin,IllinoisSpatialandGISData$GIS/MapData$http://data.imlczo.org/clowder/datasets/57c0b0fbe4b0b805e47b3cf6$$$$|UpperSangamonRiverBasin,IllinoisSpatialandGISData$GIS/MapData$http://data.imlczo.org/clowder/datasets/562fb740e4b02ec77e9b043b$$$$|UpperSangamonRiverBasin,IllinoisSpatialandGISData$GIS/MapData$http://data.imlczo.org/clowder/datasets/562fb328e4b02ec77e9b03d0$$$$|UpperSangamonRiverBasin,IllinoisSpatialandGISData$GIS/MapData$http://data.imlczo.org/clowder/datasets/57c0b6d0e4b0b805e47b3eb1$$$$|UpperSangamonRiverBasin,IllinoisSpatialandGISData$GIS/MapData$http://data.imlczo.org/clowder/datasets/57c0b5b3e4b0b805e47b3e5a$$$$|UpperSangamonRiverBasin,IllinoisSpatialandGISData$GIS/MapData$http://data.imlczo.org/clowder/datasets/57c0b485e4b0b805e47b3df8$$$$",,landcover,Ecological Land Classification,"Kumar, Praveen",,,,,,,,,,,,,,,,,,,,,,,
10032,,"IMLCZO -- GIS/Map Data, LiDAR -- Spatial and GIS Data -- Upper Sangamon River Basin, Illinois -- (2017-2017)",,"http://data.imlczo.org/clowder/datasets/5500f849e4b0feb5ae1545af, http://data.imlczo.org/clowder/datasets/5500f68de4b0feb5ae15459f, http://data.imlczo.org/clowder/datasets/5500f683e4b0feb5ae15459e, http://data.imlczo.org/clowder/datasets/5500f682e4b0feb5ae15459d, http://data.imlczo.org/clowder/datasets/562fb68ce4b02ec77e9b041f",IML,,,"Upper Sangamon River Basin, Illinois",GIS/Map Data|LiDAR,Spatial and GIS Data,2017-01-01,2017-12-31,,,40.31016574,-88.68622434,-88.27059668,39.97482833,"Data Contains: [CRLF] * USRB_LiDAR_DEM.zip - 1.2 meter DEM of Upper Sangamon River Basin. QA/QC: Yes. [CRLF] * USRB_10m_DEM.zip - 10 meter DEM of Upper Sangamon River Basin. QA/QC: Yes, USRB_30m_DEM_NAD16.zip - 30 meter DEM of Upper Sangamon River Basin with NAD16 projection. QA/QC: Yes. [CRLF] * SRB_30m_DEM_GCS83.zip - 30 meter DEM of Upper Sangamon River Basin with GCS83 projection. QA/QC: Yes. [CRLF] * USDEM - This dataset contains 30m DEM, 10m DEM and LiDAR DEM (1.2m).","UpperSangamonRiverBasin,IllinoisSpatialandGISData$GIS/MapData,LiDAR$http://data.imlczo.org/clowder/datasets/5500f849e4b0feb5ae1545af$$$$|UpperSangamonRiverBasin,IllinoisSpatialandGISData$GIS/MapData,LiDAR$http://data.imlczo.org/clowder/datasets/5500f68de4b0feb5ae15459f$$$$|UpperSangamonRiverBasin,IllinoisSpatialandGISData$GIS/MapData,LiDAR$http://data.imlczo.org/clowder/datasets/5500f683e4b0feb5ae15459e$$$$|UpperSangamonRiverBasin,IllinoisSpatialandGISData$GIS/MapData,LiDAR$http://data.imlczo.org/clowder/datasets/5500f682e4b0feb5ae15459d$$$$|UpperSangamonRiverBasin,IllinoisSpatialandGISData$GIS/MapData,LiDAR$http://data.imlczo.org/clowder/datasets/562fb68ce4b02ec77e9b041f$$$$",,DEM,Digital elevation model ,"Kumar, Praveen",,,,,,,,,,,,,,,,,,,,,,,
10033,,IMLCZO -- GIS/Map Data -- Spatial and GIS Data -- Iowa -- (2017-2017),,http://data.imlczo.org/clowder/datasets/5500f67ee4b0feb5ae15459b,IML,,,Iowa,GIS/Map Data,Spatial and GIS Data,2017-01-01,2017-12-31,,,41.77126666,-92.02352616,-91.21178987,41.1982244,State_of_Iowa.zip - This is a GIS layer for the border of the state of Iowa,IowaSpatialandGISData$GIS/MapData$http://data.imlczo.org/clowder/datasets/5500f67ee4b0feb5ae15459b$$$$,,shapefile,Shapefile,"Kumar, Praveen",,,,,,,,,,,,,,,,,,,,,,,
10034,,"IMLCZO -- Meteorology, Stage, Surface Water Chemistry -- Surface Water -- Big Ditch, Camp Creek, Goose Creek Bucks Pond, Mahomet, Monticello, Saybrook, and Wildcat, Illinois -- (2014-2018)",,"http://data.imlczo.org/clowder/datasets/5aa967a34f0c5cb235d7dbc7, http://data.imlczo.org/clowder/datasets/5971013b4f0c0b1c81fa9cce, http://data.imlczo.org/clowder/datasets/5970fdea4f0c0b1c81fa969f, http://data.imlczo.org/clowder/datasets/596d29424f0c0b1c81f9a8d7, http://data.imlczo.org/clowder/datasets/596d28f24f0c0b1c81f9a8d2, http://data.imlczo.org/clowder/datasets/596d27b54f0c0b1c81f9a87f, http://data.imlczo.org/clowder/datasets/596d270d4f0c0b1c81f9a832, http://data.imlczo.org/clowder/datasets/596d19d14f0c0b1c81f9a225, http://data.imlczo.org/clowder/datasets/596d19484f0c0b1c81f9a1b5, http://data.imlczo.org/clowder/datasets/594abbb5e4b0b7a7b9839646, http://data.imlczo.org/clowder/datasets/59442dfbe4b001915f961b14, http://data.imlczo.org/clowder/datasets/59442deee4b001915f961b10, http://data.imlczo.org/clowder/datasets/59442d04e4b001915f961a96, http://data.imlczo.org/clowder/datasets/59442c96e4b001915f961a8e",IML,,,"Big Ditch, Camp Creek, Goose Creek Bucks Pond, Mahomet, Monticello, Saybrook, and Wildcat, Illinois",Meteorology|Stage|Surface Water Chemistry,Surface Water,2014-01-01,2018-12-31,,,40.437244,-88.630994,-88.327686,40.054353,"Data: [CRLF] * Atmospheric pressure recorded by HOBO at Saybrook. This record is used to remove atmospheric pressure component from HOBO water-level loggers in the Upper Sangamon watershed. [CRLF] * Atmospheric pressure recorded by HOBO at Bucks Pond Rd, Goose Creek. This record is used to remove atmospheric pressure component from HOBO water-level loggers in the Camp Creek watershed NOTE: For some reason the files in this dataset are prefaced with C- instead of S-. C is for Clear Creek and S is for Sangamon. [CRLF] * HOBO stage readings on Goose Creek @ County Road 600 East. This was the old ISWS #103 streamgaging station. [CRLF] * Lab analysis of suspended sediment samples at #134 Saybrook station.","BigDitch,CampCreek,GooseCreekBucksPond,Mahomet,Monticello,Saybrook,andWildcat,IllinoisSurfaceWater$Meteorology,Stage,SurfaceWaterChemistry$http://data.imlczo.org/clowder/datasets/5aa967a34f0c5cb235d7dbc7$$$$|BigDitch,CampCreek,GooseCreekBucksPond,Mahomet,Monticello,Saybrook,andWildcat,IllinoisSurfaceWater$Meteorology,Stage,SurfaceWaterChemistry$http://data.imlczo.org/clowder/datasets/5971013b4f0c0b1c81fa9cce$$$$|BigDitch,CampCreek,GooseCreekBucksPond,Mahomet,Monticello,Saybrook,andWildcat,IllinoisSurfaceWater$Meteorology,Stage,SurfaceWaterChemistry$http://data.imlczo.org/clowder/datasets/5970fdea4f0c0b1c81fa969f$$$$|BigDitch,CampCreek,GooseCreekBucksPond,Mahomet,Monticello,Saybrook,andWildcat,IllinoisSurfaceWater$Meteorology,Stage,SurfaceWaterChemistry$http://data.imlczo.org/clowder/datasets/596d29424f0c0b1c81f9a8d7$$$$|BigDitch,CampCreek,GooseCreekBucksPond,Mahomet,Monticello,Saybrook,andWildcat,IllinoisSurfaceWater$Meteorology,Stage,SurfaceWaterChemistry$http://data.imlczo.org/clowder/datasets/596d28f24f0c0b1c81f9a8d2$$$$|BigDitch,CampCreek,GooseCreekBucksPond,Mahomet,Monticello,Saybrook,andWildcat,IllinoisSurfaceWater$Meteorology,Stage,SurfaceWaterChemistry$http://data.imlczo.org/clowder/datasets/596d27b54f0c0b1c81f9a87f$$$$|BigDitch,CampCreek,GooseCreekBucksPond,Mahomet,Monticello,Saybrook,andWildcat,IllinoisSurfaceWater$Meteorology,Stage,SurfaceWaterChemistry$http://data.imlczo.org/clowder/datasets/596d270d4f0c0b1c81f9a832$$$$|BigDitch,CampCreek,GooseCreekBucksPond,Mahomet,Monticello,Saybrook,andWildcat,IllinoisSurfaceWater$Meteorology,Stage,SurfaceWaterChemistry$http://data.imlczo.org/clowder/datasets/596d19d14f0c0b1c81f9a225$$$$|BigDitch,CampCreek,GooseCreekBucksPond,Mahomet,Monticello,Saybrook,andWildcat,IllinoisSurfaceWater$Meteorology,Stage,SurfaceWaterChemistry$http://data.imlczo.org/clowder/datasets/596d19484f0c0b1c81f9a1b5$$$$|BigDitch,CampCreek,GooseCreekBucksPond,Mahomet,Monticello,Saybrook,andWildcat,IllinoisSurfaceWater$Meteorology,Stage,SurfaceWaterChemistry$http://data.imlczo.org/clowder/datasets/594abbb5e4b0b7a7b9839646$$$$|BigDitch,CampCreek,GooseCreekBucksPond,Mahomet,Monticello,Saybrook,andWildcat,IllinoisSurfaceWater$Meteorology,Stage,SurfaceWaterChemistry$http://data.imlczo.org/clowder/datasets/59442dfbe4b001915f961b14$$$$|BigDitch,CampCreek,GooseCreekBucksPond,Mahomet,Monticello,Saybrook,andWildcat,IllinoisSurfaceWater$Meteorology,Stage,SurfaceWaterChemistry$http://data.imlczo.org/clowder/datasets/59442deee4b001915f961b10$$$$|BigDitch,CampCreek,GooseCreekBucksPond,Mahomet,Monticello,Saybrook,andWildcat,IllinoisSurfaceWater$Meteorology,Stage,SurfaceWaterChemistry$http://data.imlczo.org/clowder/datasets/59442d04e4b001915f961a96$$$$|BigDitch,CampCreek,GooseCreekBucksPond,Mahomet,Monticello,Saybrook,andWildcat,IllinoisSurfaceWater$Meteorology,Stage,SurfaceWaterChemistry$http://data.imlczo.org/clowder/datasets/59442c96e4b001915f961a8e$$$$",,NO3-N Conc|pressure|temp|depth|stage|discharge|Abs Pres|Suspended Sediment|NOx_mgL|Turb_NTU|pH|SpC_uScm|DO_mgL|Chla_ugL|SpCond|Resist,"Nitrogen, dissolved nitrate|barometricPressure|Temperature|Depth, soil|Water depth|Discharge|Pressure, absolute|Sediment, suspended|Nitrogen, nitrite (NO2) + nitrate (NO3)|Turbidity|pH|Specific conductance|Oxygen, dissolved|Chlorophyll a|Resistivity, electrical","Kumar, Praveen|Keefer, Laura|Storsved, Brynne|Hodson, Timothy|Stoeffler, Thomas",,,,,,,,,,,,,,,,,,,,,,,
10035,,"IMLCZO -- Stream Suspended Sediment -- Surface Water -- Monticello, Illinois -- (2015-2017)",,http://data.imlczo.org/clowder/datasets/594abbb5e4b0b7a7b9839646,IML,,,"Monticello, Illinois",Stream Suspended Sediment,Surface Water,2015-06-10,2017-12-01,,,40.030917,-88.588556,-88.588556,40.030917,Lab analysis of suspended sediment samples at #111 Monticello gauging station from 06/10/2015-current. Location: 40deg01'51.3N 88deg35'18.8W,"Monticello,IllinoisSurfaceWater$StreamSuspendedSediment$http://data.imlczo.org/clowder/datasets/594abbb5e4b0b7a7b9839646$$$$",,Suspended Sediment,"Sediment, suspended","Kumar, Praveen|Keefer, Laura",,,,,,,,,,,,,,,,,,,,,,,
10036,,"IMLCZO -- Surface Water Chemistry, Chlorophyll -- Surface Water -- Church, Illinois -- (2014-2014)",,http://data.imlczo.org/clowder/datasets/59442d04e4b001915f961a96,IML,,,"Church, Illinois","Surface Water Chemistry, Chlorophyll",Surface Water,2014-04-03,2014-11-25,,,41.73054,-91.90712,-91.90712,41.73054,Quality-Hydrolab,"Church,IllinoisSurfaceWater$SurfaceWaterChemistry,Chlorophyll$http://data.imlczo.org/clowder/datasets/59442d04e4b001915f961a96$$$$",,NOx_mgL|Turb_NTU|pH|SpC_uScm|DO_mgL|Chla_ugL,"Nitrogen, nitrite (NO2) + nitrate (NO3)|Turbidity|pH|Specific conductance|Oxygen, dissolved|Chlorophyll a","Kumar, Praveen|Keefer, Laura",,,,,,,,,,,,,,,,,,,,,,,
10037,,"IMLCZO -- Surface Water Chemistry -- Surface Water -- Monticello, Illinois -- (2017-2018)",,http://data.imlczo.org/clowder/datasets/59442c96e4b001915f961a8e,IML,,,"Monticello, Illinois",Surface Water Chemistry,Surface Water,2017-03-24,2018-07-03,,,40.030936,-88.588422,-88.588422,40.030936,"Site ID: #111 Monticello Datasets contain water quality data collected by two YSI sondes deployed in PVC tubes mounted on the slope of the downstream side of the W. Bridge Street bridge in Monticello, IL near USGS River Station 05572000. Coordinates: 40deg 1'51.37N 88deg35'18.32W WGS84 -YSI 6600EDS-O sonde Sensors: 6560 Conductivity/Temperature probe, 6136 Turbidity probe Data collected (direct): temperature (*C), conductivity (mS/cm), turbidity (NTU) Data collection start: 03/24/2017 (currently deployed) -YSI 600OMS-O sonde Sensors: Integrated conductivity/temperature probe, 6150+ ROX DO probe Data collected (direct): temperature (*C), conductivity (mS/cm), dissolved oxygen (mg/L) Data collection start: 04/20/2017 (currently deployed) -Sondes cannot be deployed if stage drops below ~5.5ft at Monticello as the sensors will not be submerged. -Data collection interval: 03/24/2017 - 08/4/2017 every 30 minutes; changed to every 15 minutes on 08/4/2017 to match collection frequency of USGS gaging station 05572000 at Monticello: https://waterdata.usgs.gov/il/nwis/uv?site_no=05572000. Between 08/21/2017-11/30/2017 there were few rain events and stage was consistently between 4-5 ft; sondes were deployed for 30-45 min periods to gather some data during this dry season.","Monticello,IllinoisSurfaceWater$SurfaceWaterChemistry$http://data.imlczo.org/clowder/datasets/59442c96e4b001915f961a8e$$$$",,temperature (*C)|conductivity (mS/cm)|turbidity (NTU)|dissolved oxygen (mg/L) ,"Temperature|Electrical conductivity|Turbidity|Oxygen, dissolved","Kumar, Praveen|Keefer, Laura|Storsved, Brynne",,,,,,,,,,,,,,,,,,,,,,,
10038,,"IMLCZO -- GIS/Map Data, LiDAR -- UAS4TileDrain Materials -- Illinois -- (2018-2018)",,"http://data.imlczo.org/clowder/datasets/5c5c95a74f0cf88c99a5f420, http://data.imlczo.org/clowder/datasets/5c535e174f0c2112b4eec9e6, http://data.imlczo.org/clowder/datasets/5c535fd94f0c2112b4eeca5b",IML,,,Illinois,GIS/Map Data|LiDAR,UAS4TileDrain Materials,2018-05-05,2018-05-05,,,40.1558363,-88.661167,-88.5780138,40.025611,"UAS RGB and Thermal Imagery - May 5, 2018, Poster, and Ground Control Files","IllinoisUAS4TileDrainMaterials$GIS/MapData,LiDAR$http://data.imlczo.org/clowder/datasets/5c5c95a74f0cf88c99a5f420$$$$|IllinoisUAS4TileDrainMaterials$GIS/MapData,LiDAR$http://data.imlczo.org/clowder/datasets/5c535e174f0c2112b4eec9e6$$$$|IllinoisUAS4TileDrainMaterials$GIS/MapData,LiDAR$http://data.imlczo.org/clowder/datasets/5c535fd94f0c2112b4eeca5b$$$$",,shapefile,Shapefile,"Kumar, Praveen|Kratt, Christopher",,,,,,,,,,,,,,,,,,,,,,,